unique_id,Player_Name,Matches_Batted,Not_Outs,Runs_Scored,Highest_Score,Balls_Faced,Centuries,Half_Centuries,Fours,Sixes,Catches_Taken,Stumpings,Matches_Bowled,Balls_Bowled,Runs_Conceded,Wickets_Taken,Four_Wicket_Hauls,Five_Wicket_Hauls,Batting_Average,Batting_Strike_Rate,Bowling_Average,Economy_Rate,Bowling_Strike_Rate,Nationality
82U7I3,aaron hardie,0.0,0.0,0.0,0.0,0.0,0.0,0.0,0.0,0.0,0.0,0.0,0.0,0.0,0.0,0.0,0.0,0.0,0.0,0.0,0.0,0.0,0.0,Australia
RH7L23,abdul samad,50.0,10.0,577.0,37.0,395.0,0.0,0.0,37.0,36.0,27.0,0.0,50.0,54.0,113.0,2.0,0.0,0.0,14.42,146.08,56.5,12.56,27.0,India
CIWF36,abhinandan singh,0.0,0.0,0.0,0.0,0.0,0.0,0.0,0.0,0.0,0.0,0.0,0.0,0.0,0.0,0.0,0.0,0.0,0.0,0.0,0.0,0.0,0.0,India
7SE5R9,abhinav manohar,19.0,1.0,231.0,43.0,174.0,0.0,0.0,21.0,10.0,10.0,0.0,19.0,0.0,0.0,0.0,0.0,0.0,12.83,132.76,0.0,0.0,0.0,India
FCO4DS,abhishek sharma,63.0,7.0,1377.0,75.0,887.0,0.0,7.0,128.0,73.0,18.0,0.0,63.0,270.0,389.0,11.0,0.0,0.0,24.59,155.24,35.36,8.64,24.55,India
GYZ1D2,abishek porel,18.0,2.0,360.0,65.0,236.0,0.0,2.0,37.0,15.0,6.0,0.0,18.0,0.0,0.0,0.0,0.0,0.0,22.5,152.54,0.0,0.0,0.0,India
EKGC7V,adam zampa,11.0,0.0,5.0,5.0,8.0,0.0,0.0,1.0,0.0,0.0,0.0,14.0,287.0,370.0,21.0,0.0,1.0,0.45,62.5,17.62,7.74,13.67,Australia
MHI7AD,aiden markram,44.0,9.0,995.0,68.0,767.0,0.0,5.0,73.0,35.0,25.0,0.0,44.0,121.0,172.0,2.0,0.0,0.0,28.43,129.73,86.0,8.53,60.5,South Africa
PZYVVY,ajay mandal,0.0,0.0,0.0,0.0,0.0,0.0,0.0,0.0,0.0,0.0,0.0,0.0,0.0,0.0,0.0,0.0,0.0,0.0,0.0,0.0,0.0,0.0,India
6DY5F1,ajinkya rahane,185.0,17.0,4642.0,105.0,3761.0,2.0,30.0,478.0,103.0,71.0,0.0,181.0,6.0,5.0,1.0,0.0,0.0,27.63,123.42,5.0,5.0,6.0,India
BTVW99,akash deep,8.0,1.0,19.0,17.0,12.0,0.0,0.0,2.0,1.0,3.0,0.0,8.0,164.0,319.0,7.0,0.0,0.0,2.71,158.33,45.57,11.67,23.43,India
XR5Y1O,akash madhwal,13.0,1.0,4.0,4.0,5.0,0.0,0.0,0.0,0.0,1.0,0.0,13.0,262.0,424.0,19.0,1.0,1.0,0.33,80.0,22.32,9.71,13.79,India
9MPVI6,akash singh,6.0,0.0,0.0,0.0,0.0,0.0,0.0,0.0,0.0,1.0,0.0,7.0,138.0,227.0,5.0,0.0,0.0,0.0,0.0,45.4,9.87,27.6,India
JAQD3W,andre russell,126.0,20.0,2484.0,88.0,1420.0,0.0,11.0,170.0,209.0,35.0,0.0,127.0,1697.0,2646.0,115.0,2.0,1.0,23.43,174.93,23.01,9.36,14.76,West Indies
0RYXZJ,andre siddarth,0.0,0.0,0.0,0.0,0.0,0.0,0.0,0.0,0.0,0.0,0.0,0.0,0.0,0.0,0.0,0.0,0.0,0.0,0.0,0.0,0.0,0.0,India
WJCPOP,angkrish raghuvanshi,10.0,0.0,163.0,54.0,105.0,0.0,1.0,16.0,8.0,4.0,0.0,10.0,0.0,0.0,0.0,0.0,0.0,16.3,155.24,0.0,0.0,0.0,India
6LWQY1,aniket verma,0.0,0.0,0.0,0.0,0.0,0.0,0.0,0.0,0.0,0.0,0.0,0.0,0.0,0.0,0.0,0.0,0.0,0.0,0.0,0.0,0.0,0.0,India
U0O5HT,anrich nortje,46.0,9.0,49.0,23.0,49.0,0.0,0.0,6.0,0.0,10.0,0.0,46.0,1054.0,1574.0,60.0,0.0,0.0,1.32,100.0,26.23,8.96,17.57,South Africa
JHCRWJ,anshul kamboj,3.0,1.0,2.0,2.0,2.0,0.0,0.0,0.0,0.0,3.0,0.0,3.0,60.0,114.0,2.0,0.0,0.0,1.0,100.0,57.0,11.4,30.0,India
9KJFK7,anuj rawat,24.0,5.0,318.0,66.0,267.0,0.0,1.0,26.0,14.0,17.0,0.0,24.0,0.0,0.0,0.0,0.0,0.0,16.74,119.1,0.0,0.0,0.0,India
Z0WJPJ,anukul roy,9.0,3.0,26.0,13.0,24.0,0.0,0.0,3.0,0.0,5.0,0.0,11.0,136.0,191.0,5.0,0.0,0.0,4.33,108.33,38.2,8.43,27.2,India
C61SXA,arjun tendulkar,5.0,0.0,13.0,13.0,9.0,0.0,0.0,0.0,1.0,0.0,0.0,5.0,73.0,114.0,3.0,0.0,0.0,2.6,144.44,38.0,9.37,24.33,India
ICFG1Z,arshdeep singh,65.0,7.0,29.0,10.0,40.0,0.0,0.0,4.0,0.0,12.0,0.0,65.0,1364.0,2052.0,76.0,2.0,1.0,0.5,72.5,27.0,9.03,17.95,India
VYXSH8,arshin kulkarni,2.0,0.0,9.0,9.0,8.0,0.0,0.0,2.0,0.0,0.0,0.0,2.0,0.0,0.0,0.0,0.0,0.0,4.5,112.5,0.0,0.0,0.0,India
6SCDQE,aryan juyal,0.0,0.0,0.0,0.0,0.0,0.0,0.0,0.0,0.0,0.0,0.0,0.0,0.0,0.0,0.0,0.0,0.0,0.0,0.0,0.0,0.0,0.0,India
DPBUN8,ashok sharma,0.0,0.0,0.0,0.0,0.0,0.0,0.0,0.0,0.0,0.0,0.0,0.0,0.0,0.0,0.0,0.0,0.0,0.0,0.0,0.0,0.0,0.0,India
EHCXPR,ashutosh sharma,11.0,2.0,189.0,61.0,113.0,0.0,1.0,10.0,15.0,2.0,0.0,11.0,0.0,0.0,0.0,0.0,0.0,21.0,167.26,0.0,0.0,0.0,India
VVNR1W,ashwani kumar,0.0,0.0,0.0,0.0,0.0,0.0,0.0,0.0,0.0,0.0,0.0,0.0,0.0,0.0,0.0,0.0,0.0,0.0,0.0,0.0,0.0,0.0,India
1BUBE9,atharva taide,9.0,0.0,247.0,66.0,168.0,0.0,2.0,27.0,8.0,5.0,0.0,9.0,1.0,4.0,0.0,0.0,0.0,27.44,147.02,0.0,24.0,0.0,India
AT1H8M,avesh khan,62.0,9.0,41.0,12.0,25.0,0.0,0.0,3.0,3.0,11.0,0.0,63.0,1335.0,1974.0,74.0,1.0,0.0,0.77,164.0,26.68,8.87,18.04,India
IV89KK,axar patel,150.0,36.0,1653.0,66.0,1263.0,0.0,3.0,107.0,79.0,72.0,0.0,150.0,3099.0,3758.0,123.0,1.0,0.0,14.5,130.88,30.55,7.28,25.2,India
IHUX6U,ayush badoni,42.0,9.0,634.0,59.0,473.0,0.0,4.0,46.0,24.0,14.0,0.0,42.0,25.0,36.0,2.0,0.0,0.0,19.21,134.04,18.0,8.64,12.5,India
LYF2Q3,azmatullah omarzai,7.0,0.0,42.0,17.0,33.0,0.0,0.0,2.0,2.0,0.0,0.0,7.0,126.0,186.0,4.0,0.0,0.0,6.0,127.27,46.5,8.86,31.5,Afghanistan
O3P3YT,b. sai sudharsan,25.0,3.0,1034.0,103.0,743.0,1.0,6.0,95.0,31.0,3.0,0.0,25.0,0.0,0.0,0.0,0.0,0.0,47.0,139.17,0.0,0.0,0.0,India
9KUVAE,bevon-john jacobs,0.0,0.0,0.0,0.0,0.0,0.0,0.0,0.0,0.0,0.0,0.0,0.0,0.0,0.0,0.0,0.0,0.0,0.0,0.0,0.0,0.0,0.0,New Zealand
LT8GWR,bhuvneshwar kumar,176.0,32.0,306.0,27.0,326.0,0.0,0.0,30.0,3.0,33.0,0.0,176.0,3910.0,4929.0,181.0,2.0,2.0,2.12,93.87,27.23,7.56,21.6,India
ZDWT6Y,corbin bosch,0.0,0.0,0.0,0.0,0.0,0.0,0.0,0.0,0.0,0.0,0.0,0.0,0.0,0.0,0.0,0.0,0.0,0.0,0.0,0.0,0.0,0.0,South Africa
DH3CYK,darshan nalkande,6.0,0.0,12.0,12.0,12.0,0.0,0.0,0.0,1.0,2.0,0.0,6.0,84.0,148.0,6.0,0.0,0.0,2.0,100.0,24.67,10.57,14.0,India
7E9RI3,david miller,130.0,43.0,2924.0,101.0,2100.0,1.0,13.0,207.0,134.0,75.0,0.0,130.0,0.0,0.0,0.0,0.0,0.0,33.61,139.24,0.0,0.0,0.0,South Africa
HCMOIN,deepak chahar,81.0,6.0,80.0,39.0,59.0,0.0,0.0,2.0,6.0,13.0,0.0,81.0,1669.0,2221.0,77.0,2.0,0.0,1.07,135.59,28.84,7.98,21.68,India
TDZYMR,deepak hooda,118.0,16.0,1465.0,64.0,1131.0,0.0,8.0,96.0,61.0,54.0,0.0,118.0,373.0,531.0,10.0,0.0,0.0,14.36,129.53,53.1,8.54,37.3,India
W6SDBT,devdutt padikkal,64.0,2.0,1559.0,101.0,1266.0,1.0,9.0,169.0,42.0,28.0,0.0,64.0,0.0,0.0,0.0,0.0,0.0,25.15,123.14,0.0,0.0,0.0,India
4IUN9W,devon conway,23.0,3.0,924.0,92.0,654.0,0.0,9.0,99.0,30.0,8.0,0.0,23.0,0.0,0.0,0.0,0.0,0.0,46.2,141.28,0.0,0.0,0.0,New Zealand
D3SUIL,dhruv jurel,27.0,7.0,347.0,56.0,229.0,0.0,2.0,29.0,16.0,12.0,0.0,27.0,0.0,0.0,0.0,0.0,0.0,17.35,151.53,0.0,0.0,0.0,India
XB1C9R,digvesh singh,0.0,0.0,0.0,0.0,0.0,0.0,0.0,0.0,0.0,0.0,0.0,0.0,0.0,0.0,0.0,0.0,0.0,0.0,0.0,0.0,0.0,0.0,India
KTW19K,donovan ferreira,2.0,0.0,8.0,7.0,11.0,0.0,0.0,0.0,0.0,2.0,0.0,2.0,0.0,0.0,0.0,0.0,0.0,4.0,72.73,0.0,0.0,0.0,South Africa
G7ZSIC,dushmantha chameera,13.0,4.0,43.0,17.0,28.0,0.0,0.0,3.0,3.0,2.0,0.0,13.0,282.0,432.0,9.0,0.0,0.0,4.78,153.57,48.0,9.19,31.33,Sri Lanka
GL49TV,eshan malinga,0.0,0.0,0.0,0.0,0.0,0.0,0.0,0.0,0.0,0.0,0.0,0.0,0.0,0.0,0.0,0.0,0.0,0.0,0.0,0.0,0.0,0.0,Sri Lanka
Y6HKVZ,faf du plessis,145.0,11.0,4571.0,96.0,3352.0,0.0,37.0,421.0,166.0,81.0,0.0,145.0,6.0,16.0,0.0,0.0,0.0,34.11,136.37,0.0,16.0,0.0,South Africa
3T5800,fazalhaq farooqi,7.0,2.0,3.0,2.0,13.0,0.0,0.0,0.0,0.0,1.0,0.0,7.0,152.0,227.0,6.0,0.0,0.0,0.6,23.08,37.83,8.96,25.33,Afghanistan
8D5W1L,gerald coetzee,10.0,1.0,14.0,8.0,22.0,0.0,0.0,0.0,1.0,2.0,0.0,10.0,201.0,341.0,13.0,1.0,0.0,1.56,63.64,26.23,10.18,15.46,South Africa
3PR9PC,glenn maxwell,134.0,17.0,2771.0,95.0,1768.0,0.0,18.0,232.0,160.0,47.0,0.0,134.0,944.0,1303.0,37.0,0.0,0.0,23.68,156.73,35.22,8.28,25.51,Australia
QNZHYG,glenn phillips,8.0,1.0,65.0,25.0,55.0,0.0,0.0,3.0,6.0,3.0,0.0,8.0,30.0,40.0,2.0,0.0,0.0,9.29,118.18,20.0,8.0,15.0,New Zealand
CNSBAD,gurjapneet singh,0.0,0.0,0.0,0.0,0.0,0.0,0.0,0.0,0.0,0.0,0.0,0.0,0.0,0.0,0.0,0.0,0.0,0.0,0.0,0.0,0.0,0.0,India
3UCJPG,gurnoor singh brar,0.0,0.0,0.0,0.0,0.0,0.0,0.0,0.0,0.0,0.0,0.0,0.0,0.0,0.0,0.0,0.0,0.0,0.0,0.0,0.0,0.0,0.0,India
GDL86G,hardik pandya,137.0,40.0,2525.0,91.0,1734.0,0.0,10.0,189.0,136.0,69.0,0.0,137.0,1418.0,2150.0,64.0,0.0,0.0,26.03,145.62,33.59,9.1,22.16,India
21HADP,harnoor pannu,0.0,0.0,0.0,0.0,0.0,0.0,0.0,0.0,0.0,0.0,0.0,0.0,0.0,0.0,0.0,0.0,0.0,0.0,0.0,0.0,0.0,0.0,India
ANCNX1,harpreet brar,41.0,13.0,233.0,29.0,190.0,0.0,0.0,19.0,9.0,14.0,0.0,41.0,679.0,895.0,25.0,1.0,0.0,8.32,122.63,35.8,7.91,27.16,India
83GWYW,harry brook,0.0,0.0,0.0,0.0,0.0,0.0,0.0,0.0,0.0,0.0,0.0,0.0,0.0,0.0,0.0,0.0,0.0,0.0,0.0,0.0,0.0,0.0,England
WI4F2M,harshal patel,105.0,15.0,249.0,36.0,203.0,0.0,0.0,16.0,15.0,25.0,0.0,105.0,2161.0,3149.0,135.0,2.0,1.0,2.77,122.66,23.33,8.74,16.01,India
0D985V,harshit rana,20.0,1.0,2.0,2.0,3.0,0.0,0.0,0.0,0.0,6.0,0.0,21.0,385.0,581.0,25.0,0.0,0.0,0.11,66.67,23.24,9.05,15.4,India
401D9A,heinrich klaasen,35.0,6.0,993.0,104.0,590.0,1.0,6.0,56.0,64.0,14.0,7.0,32.0,0.0,0.0,0.0,0.0,0.0,34.24,168.31,0.0,0.0,0.0,South Africa
401D9A,heinrich klaasen,35.0,6.0,993.0,104.0,590.0,1.0,6.0,56.0,64.0,14.0,7.0,32.0,0.0,0.0,0.0,0.0,0.0,34.24,168.31,0.0,0.0,0.0,South Africa
4FTYWT,himmat singh,0.0,0.0,0.0,0.0,0.0,0.0,0.0,0.0,0.0,0.0,0.0,0.0,0.0,0.0,0.0,0.0,0.0,0.0,0.0,0.0,0.0,0.0,India
GJFURH,ishan kishan,105.0,6.0,2644.0,99.0,1946.0,0.0,16.0,255.0,119.0,51.0,5.0,105.0,0.0,0.0,0.0,0.0,0.0,26.71,135.87,0.0,0.0,0.0,India
JEP285,ishant sharma,79.0,19.0,57.0,10.0,69.0,0.0,0.0,4.0,2.0,11.0,0.0,110.0,2315.0,3174.0,93.0,0.0,1.0,0.95,82.61,34.13,8.23,24.89,India
GUO0K0,jacob bethell,0.0,0.0,0.0,0.0,0.0,0.0,0.0,0.0,0.0,0.0,0.0,0.0,0.0,0.0,0.0,0.0,0.0,0.0,0.0,0.0,0.0,0.0,International
AOSXO8,jake fraser-mcgurk,9.0,0.0,330.0,84.0,141.0,0.0,4.0,32.0,28.0,5.0,0.0,9.0,0.0,0.0,0.0,0.0,0.0,36.67,234.04,0.0,0.0,0.0,Australia
V1MWPR,jamie overton,0.0,0.0,0.0,0.0,0.0,0.0,0.0,0.0,0.0,0.0,0.0,0.0,0.0,0.0,0.0,0.0,0.0,0.0,0.0,0.0,0.0,0.0,England
5ZAKDJ,jasprit bumrah,133.0,24.0,69.0,16.0,78.0,0.0,0.0,5.0,1.0,16.0,0.0,133.0,3053.0,3714.0,165.0,2.0,2.0,0.63,88.46,22.51,7.3,18.5,India
5GUP1I,jayant yadav,20.0,1.0,40.0,23.0,36.0,0.0,0.0,2.0,1.0,8.0,0.0,20.0,390.0,445.0,8.0,0.0,0.0,2.11,111.11,55.62,6.85,48.75,India
DPH377,jaydev unadkat,105.0,16.0,197.0,26.0,166.0,0.0,0.0,16.0,7.0,26.0,0.0,105.0,2131.0,3189.0,99.0,0.0,2.0,2.21,118.67,32.21,8.98,21.53,India
6ENOKG,jitesh sharma,40.0,4.0,730.0,49.0,483.0,0.0,0.0,53.0,45.0,25.0,4.0,40.0,0.0,0.0,0.0,0.0,0.0,20.28,151.14,0.0,0.0,0.0,India
VROXC2,jofra archer,35.0,10.0,195.0,27.0,124.0,0.0,0.0,11.0,14.0,9.0,0.0,35.0,825.0,981.0,46.0,0.0,0.0,7.8,157.26,21.33,7.13,17.93,England
EPO2DU,jos buttler,107.0,12.0,3582.0,124.0,2428.0,7.0,19.0,355.0,161.0,55.0,1.0,107.0,0.0,0.0,0.0,0.0,0.0,37.71,147.53,0.0,0.0,0.0,England
IA3RL6,josh hazlewood,12.0,0.0,0.0,0.0,0.0,0.0,0.0,0.0,0.0,1.0,0.0,12.0,270.0,357.0,12.0,0.0,0.0,0.0,0.0,29.75,7.93,22.5,International
Z04QHI,josh inglis,0.0,0.0,0.0,0.0,0.0,0.0,0.0,0.0,0.0,0.0,0.0,0.0,0.0,0.0,0.0,0.0,0.0,0.0,0.0,0.0,0.0,0.0,Australia
PJ7Z9K,kl rahul,132.0,20.0,4683.0,132.0,3479.0,4.0,37.0,400.0,187.0,76.0,7.0,127.0,0.0,0.0,0.0,0.0,0.0,41.81,134.61,0.0,0.0,0.0,India
VXKZS9,kagiso rabada,80.0,13.0,206.0,44.0,193.0,0.0,0.0,16.0,8.0,30.0,0.0,80.0,1818.0,2570.0,117.0,6.0,0.0,3.07,106.74,21.97,8.48,15.54,South Africa
WYWP12,kamindu mendis,0.0,0.0,0.0,0.0,0.0,0.0,0.0,0.0,0.0,0.0,0.0,0.0,0.0,0.0,0.0,0.0,0.0,0.0,0.0,0.0,0.0,0.0,Sri Lanka
8Y1PSF,kamlesh nagarkoti,12.0,3.0,22.0,8.0,33.0,0.0,0.0,1.0,0.0,6.0,0.0,12.0,180.0,285.0,5.0,0.0,0.0,2.44,66.67,57.0,9.5,36.0,India
29J9TC,karim janat,0.0,0.0,0.0,0.0,0.0,0.0,0.0,0.0,0.0,0.0,0.0,0.0,0.0,0.0,0.0,0.0,0.0,0.0,0.0,0.0,0.0,0.0,Afghanistan
6M33O3,karn sharma,84.0,15.0,350.0,39.0,291.0,0.0,0.0,20.0,17.0,20.0,0.0,83.0,1495.0,2087.0,76.0,2.0,0.0,5.07,120.27,27.46,8.38,19.67,India
T3678E,karun nair,73.0,5.0,1480.0,83.0,1153.0,0.0,10.0,160.0,39.0,22.0,0.0,70.0,0.0,0.0,0.0,0.0,0.0,21.76,128.36,0.0,0.0,0.0,India
71ZVQT,khaleel ahmed,57.0,0.0,1.0,1.0,7.0,0.0,0.0,0.0,0.0,4.0,0.0,57.0,1276.0,1881.0,74.0,0.0,0.0,0.02,14.29,25.42,8.84,17.24,India
BEVT27,krunal pandya,127.0,38.0,1647.0,86.0,1240.0,0.0,1.0,144.0,61.0,46.0,0.0,127.0,2122.0,2606.0,76.0,0.0,0.0,18.51,132.82,34.29,7.37,27.92,India
CRUYZS,kuldeep sen,12.0,1.0,0.0,0.0,3.0,0.0,0.0,0.0,0.0,4.0,0.0,12.0,241.0,387.0,14.0,1.0,0.0,0.0,0.0,27.64,9.63,17.21,India
03GUM9,kuldeep yadav,84.0,21.0,183.0,35.0,216.0,0.0,0.0,16.0,3.0,20.0,0.0,84.0,1746.0,2390.0,87.0,4.0,0.0,2.9,84.72,27.47,8.21,20.07,India
WJJ65Y,kulwant khejroliya,0.0,0.0,0.0,0.0,0.0,0.0,0.0,0.0,0.0,0.0,0.0,5.0,95.0,154.0,3.0,0.0,0.0,0.0,0.0,51.33,9.73,31.67,India
CRH4S4,kumar kartikeya singh,12.0,0.0,9.0,6.0,12.0,0.0,0.0,1.0,0.0,1.0,0.0,12.0,234.0,329.0,10.0,0.0,0.0,0.75,75.0,32.9,8.44,23.4,India
394FUK,kumar kushagra,4.0,0.0,3.0,2.0,7.0,0.0,0.0,0.0,0.0,1.0,0.0,4.0,0.0,0.0,0.0,0.0,0.0,0.75,42.86,0.0,0.0,0.0,India
22MSY2,kunal rathore,0.0,0.0,0.0,0.0,0.0,0.0,0.0,0.0,0.0,0.0,0.0,0.0,0.0,0.0,0.0,0.0,0.0,0.0,0.0,0.0,0.0,0.0,India
1YZETB,kwena maphaka,2.0,0.0,0.0,0.0,0.0,0.0,0.0,0.0,0.0,0.0,0.0,2.0,36.0,89.0,1.0,0.0,0.0,0.0,0.0,89.0,14.83,36.0,South Africa
K6J2RG,liam livingstone,39.0,6.0,939.0,94.0,578.0,0.0,6.0,66.0,66.0,18.0,0.0,39.0,258.0,393.0,11.0,0.0,0.0,28.45,162.46,35.73,9.14,23.45,International
F9D61D,lockie ferguson,45.0,7.0,68.0,24.0,46.0,0.0,0.0,6.0,2.0,9.0,0.0,45.0,955.0,1426.0,46.0,1.0,0.0,1.79,147.83,31.0,8.96,20.76,New Zealand
OFBDPA,lungi ngidi,14.0,0.0,0.0,0.0,0.0,0.0,0.0,0.0,0.0,2.0,0.0,14.0,324.0,448.0,25.0,1.0,0.0,0.0,0.0,17.92,8.3,12.96,International
GG5I6Y,luvnith sisodia,0.0,0.0,0.0,0.0,0.0,0.0,0.0,0.0,0.0,0.0,0.0,0.0,0.0,0.0,0.0,0.0,0.0,0.0,0.0,0.0,0.0,0.0,India
MQ27CS,m siddharth,3.0,0.0,0.0,0.0,0.0,0.0,0.0,0.0,0.0,0.0,0.0,3.0,54.0,71.0,1.0,0.0,0.0,0.0,0.0,71.0,7.89,54.0,India
C1RZ7R,ms dhoni,264.0,95.0,5243.0,84.0,3812.0,0.0,24.0,363.0,252.0,152.0,42.0,264.0,0.0,0.0,0.0,0.0,0.0,31.02,137.54,0.0,0.0,0.0,India
KK5YPN,madhav tiwari,0.0,0.0,0.0,0.0,0.0,0.0,0.0,0.0,0.0,0.0,0.0,0.0,0.0,0.0,0.0,0.0,0.0,0.0,0.0,0.0,0.0,0.0,India
7DM32H,maheesh theekshana,27.0,1.0,7.0,7.0,7.0,0.0,0.0,0.0,1.0,4.0,0.0,27.0,624.0,797.0,25.0,1.0,0.0,0.27,100.0,31.88,7.66,24.96,Sri Lanka
9AWVXR,mahipal lomror,40.0,6.0,527.0,54.0,373.0,0.0,1.0,33.0,30.0,10.0,0.0,40.0,90.0,127.0,1.0,0.0,0.0,15.5,141.29,127.0,8.47,90.0,India
X2AGGQ,manav suthar,1.0,0.0,1.0,1.0,2.0,0.0,0.0,0.0,0.0,0.0,0.0,1.0,12.0,26.0,0.0,0.0,0.0,1.0,50.0,0.0,13.0,0.0,India
E9A47M,manish pandey,171.0,27.0,3850.0,114.0,3179.0,1.0,22.0,335.0,110.0,86.0,0.0,168.0,0.0,0.0,0.0,0.0,0.0,26.74,121.11,0.0,0.0,0.0,India
MKRKZ8,manoj bhandage,0.0,0.0,0.0,0.0,0.0,0.0,0.0,0.0,0.0,0.0,0.0,0.0,0.0,0.0,0.0,0.0,0.0,0.0,0.0,0.0,0.0,0.0,India
3X6M72,manvanth kumar l,0.0,0.0,0.0,0.0,0.0,0.0,0.0,0.0,0.0,0.0,0.0,0.0,0.0,0.0,0.0,0.0,0.0,0.0,0.0,0.0,0.0,0.0,India
DLKBW8,marco jansen,21.0,6.0,66.0,17.0,66.0,0.0,0.0,5.0,2.0,13.0,0.0,21.0,450.0,715.0,20.0,0.0,0.0,4.4,100.0,35.75,9.53,22.5,South Africa
PR7AJL,marcus stoinis,96.0,22.0,1866.0,124.0,1314.0,1.0,9.0,150.0,91.0,24.0,0.0,96.0,803.0,1274.0,43.0,1.0,0.0,25.22,142.01,29.63,9.52,18.67,Australia
WRA3S4,matheesha pathirana,20.0,0.0,0.0,0.0,0.0,0.0,0.0,0.0,0.0,6.0,0.0,20.0,451.0,592.0,34.0,1.0,0.0,0.0,0.0,17.41,7.88,13.26,Sri Lanka
ZY0OVD,matthew breetzke,0.0,0.0,0.0,0.0,0.0,0.0,0.0,0.0,0.0,0.0,0.0,0.0,0.0,0.0,0.0,0.0,0.0,0.0,0.0,0.0,0.0,0.0,South Africa
VK17I4,mayank markande,37.0,8.0,48.0,18.0,42.0,0.0,0.0,5.0,1.0,8.0,0.0,37.0,720.0,1069.0,37.0,2.0,0.0,1.66,114.29,28.89,8.91,19.46,India
B03VRP,mayank yadav,4.0,0.0,0.0,0.0,0.0,0.0,0.0,0.0,0.0,1.0,0.0,4.0,73.0,85.0,7.0,0.0,0.0,0.0,0.0,12.14,6.99,10.43,India
9Z4BID,mitchell marsh,42.0,2.0,666.0,89.0,521.0,0.0,3.0,48.0,38.0,10.0,0.0,42.0,560.0,795.0,37.0,2.0,0.0,16.65,127.83,21.49,8.52,15.14,Australia
Z597LC,mitchell santner,18.0,5.0,70.0,22.0,71.0,0.0,0.0,4.0,3.0,6.0,0.0,18.0,366.0,422.0,15.0,0.0,0.0,5.38,98.59,28.13,6.92,24.4,New Zealand
CC1XN0,mitchell starc,40.0,8.0,105.0,29.0,109.0,0.0,0.0,11.0,0.0,22.0,0.0,41.0,831.0,1137.0,51.0,2.0,0.0,3.28,96.33,22.29,8.21,16.29,Australia
9VHHII,moeen ali,67.0,6.0,1162.0,93.0,821.0,0.0,6.0,95.0,67.0,22.0,0.0,67.0,758.0,893.0,35.0,1.0,0.0,19.05,141.53,25.51,7.07,21.66,England
26VZ8P,mohammad shami,77.0,12.0,69.0,21.0,73.0,0.0,0.0,5.0,2.0,11.0,0.0,77.0,1670.0,2402.0,79.0,0.0,0.0,1.06,94.52,30.41,8.63,21.14,India
ZUUU7T,mohammed siraj,93.0,15.0,109.0,14.0,119.0,0.0,0.0,10.0,4.0,29.0,0.0,93.0,1958.0,2823.0,93.0,2.0,0.0,1.4,91.6,30.35,8.65,21.05,India
BJXV75,mohd. arshad khan,10.0,3.0,101.0,58.0,69.0,0.0,1.0,6.0,6.0,3.0,0.0,10.0,146.0,304.0,6.0,0.0,0.0,14.43,146.38,50.67,12.49,24.33,India
4Q63DU,mohit rathee,0.0,0.0,0.0,0.0,0.0,0.0,0.0,0.0,0.0,0.0,0.0,0.0,0.0,0.0,0.0,0.0,0.0,0.0,0.0,0.0,0.0,0.0,India
QCN03N,mohit sharma,96.0,13.0,126.0,21.0,128.0,0.0,0.0,8.0,4.0,26.0,0.0,112.0,2253.0,3256.0,132.0,3.0,1.0,1.52,98.44,24.67,8.67,17.07,India
Y2UBXS,mohsin khan,24.0,2.0,25.0,13.0,24.0,0.0,0.0,2.0,1.0,2.0,0.0,23.0,486.0,689.0,27.0,1.0,0.0,1.14,104.17,25.52,8.51,18.0,India
J58L1J,mujeeb ur rahman,19.0,4.0,12.0,10.0,15.0,0.0,0.0,2.0,0.0,2.0,0.0,19.0,434.0,592.0,19.0,0.0,0.0,0.8,80.0,31.16,8.18,22.84,Afghanistan
QQBQ6R,mukesh choudhary,14.0,1.0,6.0,4.0,6.0,0.0,0.0,1.0,0.0,3.0,0.0,14.0,279.0,451.0,16.0,1.0,0.0,0.46,100.0,28.19,9.7,17.44,India
VC5KX6,mukesh kumar,20.0,4.0,10.0,6.0,18.0,0.0,0.0,0.0,0.0,6.0,0.0,20.0,399.0,694.0,24.0,0.0,0.0,0.62,55.56,28.92,10.44,16.62,India
N1CED5,musheer khan,0.0,0.0,0.0,0.0,0.0,0.0,0.0,0.0,0.0,0.0,0.0,0.0,0.0,0.0,0.0,0.0,0.0,0.0,0.0,0.0,0.0,0.0,India
17GK5H,n. tilak varma,38.0,9.0,1156.0,84.0,790.0,0.0,6.0,90.0,58.0,23.0,0.0,38.0,22.0,28.0,0.0,0.0,0.0,39.86,146.33,0.0,7.64,0.0,India
RAOOK7,naman dhir,7.0,1.0,140.0,62.0,79.0,0.0,1.0,12.0,10.0,3.0,0.0,7.0,28.0,55.0,0.0,0.0,0.0,23.33,177.22,0.0,11.79,0.0,India
VT3K60,nathan ellis,16.0,1.0,19.0,12.0,25.0,0.0,0.0,0.0,1.0,3.0,0.0,16.0,360.0,516.0,18.0,1.0,0.0,1.27,76.0,28.67,8.6,20.0,Australia
WLDDJ8,nehal wadhera,20.0,1.0,350.0,64.0,250.0,0.0,2.0,32.0,18.0,6.0,0.0,20.0,12.0,13.0,0.0,0.0,0.0,18.42,140.0,0.0,6.5,0.0,India
J5WCKS,nicholas pooran,76.0,18.0,1769.0,77.0,1090.0,0.0,9.0,113.0,127.0,32.0,4.0,76.0,0.0,0.0,0.0,0.0,0.0,30.5,162.29,0.0,0.0,0.0,West Indies
UWDMBL,nishant sindhu,0.0,0.0,0.0,0.0,0.0,0.0,0.0,0.0,0.0,0.0,0.0,0.0,0.0,0.0,0.0,0.0,0.0,0.0,0.0,0.0,0.0,0.0,India
ZR6IAI,nitish kumar reddy,15.0,2.0,303.0,76.0,212.0,0.0,2.0,15.0,21.0,6.0,0.0,15.0,109.0,207.0,3.0,0.0,0.0,23.31,142.92,69.0,11.39,36.33,India
BH3FJ4,nitish rana,107.0,9.0,2636.0,87.0,1952.0,0.0,18.0,234.0,132.0,24.0,0.0,107.0,180.0,252.0,10.0,0.0,0.0,26.9,135.04,25.2,8.4,18.0,India
ZNO879,noor ahmad,23.0,3.0,13.0,7.0,18.0,0.0,0.0,2.0,0.0,7.0,0.0,23.0,492.0,659.0,24.0,0.0,0.0,0.65,72.22,27.46,8.04,20.5,Afghanistan
U6RIAX,nuwan thushara,7.0,0.0,0.0,0.0,0.0,0.0,0.0,0.0,0.0,1.0,0.0,7.0,156.0,257.0,8.0,0.0,0.0,0.0,0.0,32.12,9.88,19.5,International
Y99G1S,pat cummins,58.0,15.0,515.0,66.0,344.0,0.0,3.0,33.0,34.0,15.0,0.0,58.0,1319.0,1923.0,63.0,1.0,0.0,11.98,149.71,30.52,8.75,20.94,Australia
K7RQYK,phil salt,21.0,2.0,653.0,89.0,372.0,0.0,6.0,74.0,34.0,17.0,0.0,21.0,0.0,0.0,0.0,0.0,0.0,34.37,175.54,0.0,0.0,0.0,International
KVRMNM,prabhsimran singh,34.0,0.0,756.0,103.0,517.0,1.0,3.0,78.0,41.0,4.0,0.0,32.0,0.0,0.0,0.0,0.0,0.0,22.24,146.23,0.0,0.0,0.0,India
EJMUNV,prasidh krishna,51.0,7.0,9.0,4.0,24.0,0.0,0.0,0.0,0.0,9.0,0.0,51.0,1145.0,1703.0,49.0,1.0,0.0,0.2,37.5,34.76,8.92,23.37,India
KWA61J,pravin dubey,4.0,1.0,23.0,16.0,33.0,0.0,0.0,2.0,0.0,1.0,0.0,4.0,66.0,91.0,1.0,0.0,0.0,7.67,69.7,91.0,8.27,66.0,India
7QP1WU,prince yadav,0.0,0.0,0.0,0.0,0.0,0.0,0.0,0.0,0.0,0.0,0.0,0.0,0.0,0.0,0.0,0.0,0.0,0.0,0.0,0.0,0.0,0.0,India
E4KN8X,priyansh arya,0.0,0.0,0.0,0.0,0.0,0.0,0.0,0.0,0.0,0.0,0.0,0.0,0.0,0.0,0.0,0.0,0.0,0.0,0.0,0.0,0.0,0.0,India
FPXGAS,pyla avinash,0.0,0.0,0.0,0.0,0.0,0.0,0.0,0.0,0.0,0.0,0.0,0.0,0.0,0.0,0.0,0.0,0.0,0.0,0.0,0.0,0.0,0.0,India
F8WNFU,quinton de kock,107.0,6.0,3157.0,140.0,2352.0,2.0,23.0,316.0,123.0,67.0,15.0,104.0,0.0,0.0,0.0,0.0,0.0,31.26,134.23,0.0,0.0,0.0,South Africa
01VG3J,rachin ravindra,10.0,0.0,222.0,61.0,138.0,0.0,1.0,22.0,12.0,8.0,0.0,10.0,12.0,7.0,0.0,0.0,0.0,22.2,160.87,0.0,3.5,0.0,New Zealand
05SY19,rahmanullah gurbaz,13.0,0.0,289.0,81.0,216.0,0.0,2.0,24.0,19.0,15.0,0.0,13.0,0.0,0.0,0.0,0.0,0.0,22.23,133.8,0.0,0.0,0.0,Afghanistan
2MTMU9,rahul chahar,78.0,8.0,129.0,25.0,124.0,0.0,0.0,13.0,5.0,23.0,0.0,78.0,1664.0,2141.0,75.0,1.0,0.0,1.84,104.03,28.55,7.72,22.19,India
U9YPHI,rahul tewatia,93.0,25.0,1013.0,53.0,752.0,0.0,1.0,84.0,47.0,38.0,0.0,93.0,843.0,1111.0,32.0,0.0,0.0,14.9,134.71,34.72,7.91,26.34,India
PEYJE5,rahul tripathi,95.0,11.0,2236.0,93.0,1605.0,0.0,12.0,223.0,84.0,33.0,0.0,95.0,6.0,12.0,0.0,0.0,0.0,26.62,139.31,0.0,12.0,0.0,India
J0832E,raj angad bawa,2.0,0.0,11.0,11.0,14.0,0.0,0.0,1.0,0.0,0.0,0.0,2.0,0.0,0.0,0.0,0.0,0.0,5.5,78.57,0.0,0.0,0.0,India
1BI2VX,rajat patidar,27.0,1.0,799.0,112.0,503.0,1.0,7.0,51.0,54.0,8.0,0.0,27.0,0.0,0.0,0.0,0.0,0.0,30.73,158.85,0.0,0.0,0.0,India
8OQNSM,rajvardhan hangargekar,2.0,0.0,0.0,0.0,0.0,0.0,0.0,0.0,0.0,0.0,0.0,2.0,36.0,60.0,3.0,0.0,0.0,0.0,0.0,20.0,10.0,12.0,India
PEKWU0,ramakrishna ghosh,0.0,0.0,0.0,0.0,0.0,0.0,0.0,0.0,0.0,0.0,0.0,0.0,0.0,0.0,0.0,0.0,0.0,0.0,0.0,0.0,0.0,0.0,India
IHWGFH,ramandeep singh,19.0,7.0,170.0,35.0,102.0,0.0,0.0,8.0,13.0,9.0,0.0,20.0,40.0,63.0,6.0,0.0,0.0,14.17,166.67,10.5,9.45,6.67,India
EN4YHO,rashid khan,121.0,23.0,545.0,79.0,337.0,0.0,1.0,39.0,38.0,42.0,0.0,121.0,2859.0,3252.0,149.0,2.0,0.0,5.56,161.72,21.83,6.82,19.19,Afghanistan
CBEO14,rasikh dar,11.0,1.0,40.0,10.0,40.0,0.0,0.0,5.0,0.0,2.0,0.0,11.0,195.0,339.0,9.0,0.0,0.0,4.0,100.0,37.67,10.43,21.67,India
CBNHEQ,ravi bishnoi,66.0,7.0,32.0,6.0,50.0,0.0,0.0,2.0,0.0,20.0,0.0,66.0,1405.0,1828.0,63.0,0.0,0.0,0.54,64.0,29.02,7.81,22.3,India
GZIVCV,ravichandran ashwin,211.0,34.0,800.0,50.0,675.0,0.0,1.0,61.0,28.0,48.0,0.0,212.0,4524.0,5370.0,180.0,1.0,0.0,4.52,118.52,29.83,7.12,25.13,India
GT0O7G,ravindra jadeja,240.0,76.0,2959.0,62.0,2281.0,0.0,3.0,215.0,107.0,103.0,0.0,240.0,3829.0,4864.0,160.0,3.0,1.0,18.04,129.72,30.4,7.62,23.93,India
AONKA9,reece topley,5.0,1.0,3.0,3.0,6.0,0.0,0.0,0.0,0.0,1.0,0.0,5.0,102.0,182.0,5.0,0.0,0.0,0.75,50.0,36.4,10.71,20.4,England
3HQYHW,rinku singh,45.0,11.0,893.0,67.0,623.0,0.0,4.0,67.0,46.0,30.0,0.0,45.0,0.0,0.0,0.0,0.0,0.0,26.26,143.34,0.0,0.0,0.0,India
DG3ZZP,rishabh pant,111.0,17.0,3284.0,128.0,2205.0,1.0,18.0,296.0,154.0,75.0,23.0,111.0,0.0,0.0,0.0,0.0,0.0,34.94,148.93,0.0,0.0,0.0,India
KITRL7,riyan parag,69.0,10.0,1173.0,84.0,868.0,0.0,6.0,84.0,60.0,37.0,0.0,70.0,175.0,307.0,4.0,0.0,0.0,19.88,135.14,76.75,10.53,43.75,India
GDS1CN,robin minz,0.0,0.0,0.0,0.0,0.0,0.0,0.0,0.0,0.0,0.0,0.0,0.0,0.0,0.0,0.0,0.0,0.0,0.0,0.0,0.0,0.0,0.0,India
ANHP9F,rohit sharma,257.0,29.0,6628.0,109.0,5054.0,2.0,43.0,599.0,280.0,101.0,0.0,257.0,363.0,453.0,15.0,1.0,0.0,29.07,131.14,30.2,7.49,24.2,India
WRXPXW,romario shepherd,10.0,4.0,115.0,39.0,63.0,0.0,0.0,7.0,10.0,0.0,0.0,10.0,126.0,257.0,4.0,0.0,0.0,19.17,182.54,64.25,12.24,31.5,International
CPA4TA,rovman powell,26.0,3.0,360.0,67.0,244.0,0.0,1.0,21.0,28.0,18.0,0.0,26.0,18.0,35.0,1.0,0.0,0.0,15.65,147.54,35.0,11.67,18.0,West Indies
55W3CZ,ruturaj gaikwad,66.0,8.0,2380.0,108.0,1739.0,2.0,18.0,217.0,91.0,36.0,0.0,66.0,0.0,0.0,0.0,0.0,0.0,41.03,136.86,0.0,0.0,0.0,India
9ZLX0Y,ryan rickelton,0.0,0.0,0.0,0.0,0.0,0.0,0.0,0.0,0.0,0.0,0.0,0.0,0.0,0.0,0.0,0.0,0.0,0.0,0.0,0.0,0.0,0.0,South Africa
NY9AHB,sachin baby,19.0,1.0,144.0,33.0,118.0,0.0,0.0,11.0,5.0,3.0,0.0,14.0,10.0,8.0,2.0,0.0,0.0,8.0,122.03,4.0,4.8,5.0,India
4F4P5W,sai kishore,10.0,1.0,13.0,13.0,6.0,0.0,0.0,0.0,2.0,5.0,0.0,10.0,186.0,258.0,13.0,1.0,0.0,1.44,216.67,19.85,8.32,14.31,India
9GNC27,sam curran,59.0,13.0,883.0,63.0,647.0,0.0,5.0,74.0,37.0,22.0,0.0,59.0,1181.0,1900.0,58.0,1.0,0.0,19.2,136.48,32.76,9.65,20.36,England
XVLKTK,sameer rizvi,8.0,1.0,51.0,21.0,43.0,0.0,0.0,4.0,2.0,4.0,0.0,8.0,0.0,0.0,0.0,0.0,0.0,7.29,118.6,0.0,0.0,0.0,India
6H1TA0,sandeep sharma,126.0,21.0,54.0,9.0,69.0,0.0,0.0,4.0,0.0,21.0,0.0,127.0,2822.0,3709.0,137.0,2.0,1.0,0.51,78.26,27.07,7.89,20.6,India
GXQLYB,sanju samson,167.0,19.0,4419.0,119.0,3180.0,3.0,25.0,352.0,206.0,82.0,16.0,167.0,0.0,0.0,0.0,0.0,0.0,29.86,138.96,0.0,0.0,0.0,India
G4VCJ6,shahbaz ahamad,55.0,9.0,536.0,59.0,440.0,0.0,1.0,28.0,25.0,21.0,0.0,55.0,537.0,837.0,21.0,0.0,0.0,11.65,121.82,39.86,9.35,25.57,Afghanistan
J98YRK,shahrukh khan,40.0,10.0,553.0,58.0,391.0,0.0,1.0,35.0,37.0,20.0,0.0,40.0,12.0,15.0,0.0,0.0,0.0,18.43,141.43,0.0,7.5,0.0,India
PTV2UD,shaik rasheed,0.0,0.0,0.0,0.0,0.0,0.0,0.0,0.0,0.0,0.0,0.0,0.0,0.0,0.0,0.0,0.0,0.0,0.0,0.0,0.0,0.0,0.0,India
UJ7BMA,shamar joseph,1.0,0.0,0.0,0.0,0.0,0.0,0.0,0.0,0.0,0.0,0.0,1.0,24.0,47.0,0.0,0.0,0.0,0.0,0.0,0.0,11.75,0.0,West Indies
ZXA937,shashank singh,24.0,7.0,423.0,68.0,262.0,0.0,2.0,33.0,25.0,10.0,0.0,24.0,18.0,25.0,1.0,0.0,0.0,24.88,161.45,25.0,8.33,18.0,India
VKDBPP,sherfane rutherford,10.0,2.0,106.0,28.0,104.0,0.0,0.0,3.0,8.0,5.0,0.0,10.0,41.0,59.0,1.0,0.0,0.0,13.25,101.92,59.0,8.63,41.0,West Indies
XQA4IM,shimron hetmyer,72.0,26.0,1244.0,75.0,812.0,0.0,4.0,76.0,82.0,32.0,0.0,72.0,0.0,0.0,0.0,0.0,0.0,27.04,153.2,0.0,0.0,0.0,West Indies
7HGK5B,shivam dube,65.0,11.0,1502.0,95.0,1024.0,0.0,9.0,86.0,101.0,19.0,0.0,65.0,112.0,180.0,5.0,0.0,0.0,27.81,146.68,36.0,9.64,22.4,India
BI3SEX,shreyas gopal,52.0,8.0,180.0,24.0,169.0,0.0,0.0,19.0,2.0,12.0,0.0,52.0,991.0,1349.0,52.0,1.0,0.0,4.09,106.51,25.94,8.17,19.06,India
GBGXSM,shreyas iyer,115.0,18.0,3127.0,96.0,2453.0,0.0,21.0,271.0,113.0,49.0,0.0,115.0,6.0,7.0,0.0,0.0,0.0,32.24,127.48,0.0,7.0,0.0,India
LSS870,shrijith krishnan,0.0,0.0,0.0,0.0,0.0,0.0,0.0,0.0,0.0,0.0,0.0,0.0,0.0,0.0,0.0,0.0,0.0,0.0,0.0,0.0,0.0,0.0,India
IODMKE,shubham dubey,4.0,1.0,33.0,25.0,19.0,0.0,0.0,3.0,2.0,0.0,0.0,4.0,0.0,0.0,0.0,0.0,0.0,11.0,173.68,0.0,0.0,0.0,India
83D7F9,shubman gill,103.0,15.0,3216.0,129.0,2370.0,4.0,20.0,310.0,95.0,37.0,0.0,103.0,0.0,0.0,0.0,0.0,0.0,36.55,135.7,0.0,0.0,0.0,India
WYVGC3,simarjeet singh,10.0,2.0,7.0,3.0,8.0,0.0,0.0,0.0,0.0,3.0,0.0,10.0,180.0,259.0,9.0,0.0,0.0,0.88,87.5,28.78,8.63,20.0,India
4FGSCO,spencer johnson,5.0,3.0,6.0,5.0,7.0,0.0,0.0,1.0,0.0,1.0,0.0,5.0,96.0,151.0,4.0,0.0,0.0,3.0,85.71,37.75,9.44,24.0,Australia
NG776H,sunil narine,176.0,20.0,1534.0,109.0,925.0,1.0,7.0,164.0,97.0,33.0,0.0,177.0,4076.0,4571.0,180.0,7.0,1.0,9.83,165.84,25.39,6.73,22.64,West Indies
WQMNN1,suryakumar yadav,150.0,23.0,3594.0,103.0,2473.0,2.0,24.0,385.0,130.0,68.0,0.0,149.0,6.0,8.0,0.0,0.0,0.0,28.3,145.33,0.0,8.0,0.0,India
SWPK00,suryansh shedge,0.0,0.0,0.0,0.0,0.0,0.0,0.0,0.0,0.0,0.0,0.0,0.0,0.0,0.0,0.0,0.0,0.0,0.0,0.0,0.0,0.0,0.0,India
4S93FL,suyash sharma,13.0,0.0,0.0,0.0,0.0,0.0,0.0,0.0,0.0,1.0,0.0,13.0,258.0,372.0,10.0,0.0,0.0,0.0,0.0,37.2,8.65,25.8,India
52EP0J,swapnil singh,9.0,4.0,39.0,15.0,25.0,0.0,0.0,3.0,3.0,2.0,0.0,9.0,102.0,151.0,6.0,0.0,0.0,7.8,156.0,25.17,8.88,17.0,India
2F4VUT,swastik chhikara,0.0,0.0,0.0,0.0,0.0,0.0,0.0,0.0,0.0,0.0,0.0,0.0,0.0,0.0,0.0,0.0,0.0,0.0,0.0,0.0,0.0,0.0,India
6SAAQZ,t natarajan,61.0,3.0,3.0,3.0,5.0,0.0,0.0,0.0,0.0,9.0,0.0,61.0,1337.0,1969.0,67.0,1.0,0.0,0.05,60.0,29.39,8.84,19.96,India
K4KNWF,tim david,38.0,12.0,659.0,46.0,387.0,0.0,0.0,38.0,46.0,22.0,0.0,37.0,0.0,0.0,0.0,0.0,0.0,25.35,170.28,0.0,0.0,0.0,International
80VEMA,travis head,25.0,4.0,772.0,102.0,444.0,1.0,5.0,76.0,40.0,2.0,0.0,25.0,58.0,113.0,2.0,0.0,0.0,36.76,173.87,56.5,11.69,29.0,Australia
KC6XYT,trent boult,103.0,19.0,83.0,17.0,78.0,0.0,0.0,5.0,3.0,34.0,0.0,104.0,2337.0,3230.0,121.0,1.0,0.0,0.99,106.41,26.69,8.29,19.31,New Zealand
HDEZQM,tripurana vijay,0.0,0.0,0.0,0.0,0.0,0.0,0.0,0.0,0.0,0.0,0.0,0.0,0.0,0.0,0.0,0.0,0.0,0.0,0.0,0.0,0.0,0.0,India
HJ6F0E,tristan stubbs,18.0,6.0,405.0,71.0,233.0,0.0,3.0,26.0,26.0,7.0,0.0,18.0,24.0,29.0,4.0,0.0,0.0,33.75,173.82,7.25,7.25,6.0,South Africa
3HZ41I,tushar deshpande,36.0,3.0,21.0,20.0,14.0,0.0,0.0,2.0,1.0,6.0,0.0,36.0,773.0,1243.0,42.0,1.0,0.0,0.64,150.0,29.6,9.65,18.4,India
2ZI81B,umran malik,26.0,4.0,23.0,19.0,16.0,0.0,0.0,1.0,2.0,6.0,0.0,26.0,493.0,772.0,29.0,1.0,1.0,1.05,143.75,26.62,9.4,17.0,India
LZVFUB,vaibhav arora,20.0,6.0,9.0,2.0,16.0,0.0,0.0,0.0,0.0,5.0,0.0,20.0,383.0,586.0,19.0,0.0,0.0,0.64,56.25,30.84,9.18,20.16,India
YZMBH2,vaibhav suryavanshi,0.0,0.0,0.0,0.0,0.0,0.0,0.0,0.0,0.0,0.0,0.0,0.0,0.0,0.0,0.0,0.0,0.0,0.0,0.0,0.0,0.0,0.0,India
FMS3A7,vansh bedi,0.0,0.0,0.0,0.0,0.0,0.0,0.0,0.0,0.0,0.0,0.0,0.0,0.0,0.0,0.0,0.0,0.0,0.0,0.0,0.0,0.0,0.0,India
97RTVR,varun chakaravarthy,70.0,8.0,25.0,10.0,46.0,0.0,0.0,2.0,0.0,14.0,0.0,71.0,1588.0,2002.0,83.0,1.0,1.0,0.4,54.35,24.12,7.56,19.13,India
4AN9CQ,venkata satyanarayana penmetsa,0.0,0.0,0.0,0.0,0.0,0.0,0.0,0.0,0.0,0.0,0.0,0.0,0.0,0.0,0.0,0.0,0.0,0.0,0.0,0.0,0.0,0.0,India
8O8GUI,venkatesh iyer,50.0,7.0,1326.0,104.0,967.0,1.0,11.0,121.0,61.0,18.0,0.0,51.0,81.0,143.0,3.0,0.0,0.0,30.84,137.13,47.67,10.59,27.0,India
LOTUY1,vignesh puthur,0.0,0.0,0.0,0.0,0.0,0.0,0.0,0.0,0.0,0.0,0.0,0.0,0.0,0.0,0.0,0.0,0.0,0.0,0.0,0.0,0.0,0.0,India
B8LU1C,vijay shankar,72.0,16.0,1115.0,63.0,859.0,0.0,6.0,80.0,45.0,30.0,0.0,72.0,238.0,344.0,9.0,0.0,0.0,19.91,129.8,38.22,8.67,26.44,India
CN194M,vipraj nigam,0.0,0.0,0.0,0.0,0.0,0.0,0.0,0.0,0.0,0.0,0.0,0.0,0.0,0.0,0.0,0.0,0.0,0.0,0.0,0.0,0.0,0.0,India
PW30OT,virat kohli,252.0,37.0,8004.0,113.0,6065.0,8.0,55.0,705.0,272.0,115.0,0.0,252.0,251.0,368.0,4.0,0.0,0.0,37.23,131.97,92.0,8.8,62.75,India
TATZCO,vishnu vinod,6.0,0.0,56.0,30.0,57.0,0.0,0.0,3.0,3.0,1.0,2.0,6.0,0.0,0.0,0.0,0.0,0.0,9.33,98.25,0.0,0.0,0.0,India
8CCWBR,vyshak vijay kumar,11.0,2.0,14.0,13.0,12.0,0.0,0.0,0.0,1.0,4.0,0.0,11.0,231.0,395.0,13.0,0.0,0.0,1.56,116.67,30.38,10.26,17.77,India
SHWL9H,wanindu hasaranga,26.0,4.0,72.0,18.0,73.0,0.0,0.0,7.0,1.0,3.0,0.0,26.0,552.0,748.0,35.0,1.0,1.0,3.27,98.63,21.37,8.13,15.77,Sri Lanka
CX3CLY,washington sundar,60.0,13.0,378.0,40.0,325.0,0.0,0.0,32.0,9.0,12.0,0.0,60.0,1054.0,1325.0,37.0,0.0,0.0,8.04,116.31,35.81,7.54,28.49,India
YWRS9R,wiaan mulder,0.0,0.0,0.0,0.0,0.0,0.0,0.0,0.0,0.0,0.0,0.0,0.0,0.0,0.0,0.0,0.0,0.0,0.0,0.0,0.0,0.0,0.0,South Africa
WVUXJK,will jacks,8.0,1.0,230.0,100.0,131.0,1.0,1.0,16.0,18.0,3.0,0.0,8.0,54.0,100.0,2.0,0.0,0.0,32.86,175.57,50.0,11.11,27.0,England
6RP0W0,xavier bartlett,0.0,0.0,0.0,0.0,0.0,0.0,0.0,0.0,0.0,0.0,0.0,0.0,0.0,0.0,0.0,0.0,0.0,0.0,0.0,0.0,0.0,0.0,Australia
SOCG50,yash dayal,28.0,0.0,0.0,0.0,1.0,0.0,0.0,0.0,0.0,5.0,0.0,28.0,577.0,920.0,28.0,0.0,0.0,0.0,0.0,32.86,9.57,20.61,India
J7H5HS,yash thakur,19.0,0.0,0.0,0.0,0.0,0.0,0.0,0.0,0.0,2.0,0.0,19.0,404.0,691.0,24.0,1.0,1.0,0.0,0.0,28.79,10.26,16.83,India
AIUTBG,yashasvi jaiswal,52.0,2.0,1607.0,124.0,1067.0,2.0,9.0,198.0,64.0,18.0,0.0,52.0,1.0,6.0,0.0,0.0,0.0,32.14,150.61,0.0,36.0,0.0,India
LRFGZZ,yudhvir singh,5.0,0.0,22.0,14.0,16.0,0.0,0.0,1.0,2.0,0.0,0.0,5.0,72.0,122.0,4.0,0.0,0.0,4.4,137.5,30.5,10.17,18.0,India
TL6N4F,yuzvendra chahal,160.0,13.0,37.0,8.0,86.0,0.0,0.0,0.0,0.0,30.0,0.0,160.0,3521.0,4602.0,205.0,6.0,1.0,0.25,43.02,22.45,7.84,17.18,India
VFUS1A,zeeshan ansari,0.0,0.0,0.0,0.0,0.0,0.0,0.0,0.0,0.0,0.0,0.0,0.0,0.0,0.0,0.0,0.0,0.0,0.0,0.0,0.0,0.0,0.0,India
