Year,Player_Name,Matches_Batted,Not_Outs,Runs_Scored,Highest_Score,Batting_Average,Balls_Faced,Batting_Strike_Rate,Centuries,Half_Centuries,Fours,Sixes,Catches_Taken,Stumpings,Matches_Bowled,Balls_Bowled,Runs_Conceded,Wickets_Taken,Best_Bowling_Match,Bowling_Average,Economy_Rate,Bowling_Strike_Rate,Four_Wicket_Hauls,Five_Wicket_Hauls
,Aaron Hardie,No stats,No stats,No stats,No stats,No stats,No stats,No stats,No stats,No stats,No stats,No stats,No stats,No stats,No stats,No stats,No stats,No stats,No stats,No stats,No stats,No stats,No stats,No stats
2024.0,Abdul Samad,16,2,182,37*,18.2,108,168.52,0,0,15,11,9,0,16,0,0,0,0,0,0,0,0,0
2023.0,Abdul Samad,9,4,169,37*,42.25,128,132.03,0,0,10,11,4,0,9,0,0,0,0,0,0,0,0,0
2022.0,Abdul Samad,2,0,4,4,2.0,7,57.14,0,0,0,0,1,0,2,6,8,0,0/8,0,8.00,0,0,0
2021.0,Abdul Samad,11,1,111,28,12.33,87,127.58,0,0,4,8,8,0,11,6,9,1,1/9,9.00,9.00,6.00,0,0
2020.0,Abdul Samad,12,3,111,33,22.2,65,170.76,0,0,8,6,5,0,12,42,96,1,1/41,96.00,13.71,42.00,0,0
2024.0,Abhishek Sharma,16,1,484,75*,32.27,237,204.22,0,3,36,42,7,0,16,42,51,2,2/24,25.50,7.29,21.00,0,0
2023.0,Abhishek Sharma,11,0,226,67,20.55,157,143.95,0,2,28,6,4,0,11,72,124,2,1/26,62.00,10.33,36.00,0,0
2022.0,Abhishek Sharma,14,0,426,75,30.43,320,133.13,0,2,47,13,1,0,14,24,38,0,0/10,0,9.50,0,0,0
2021.0,Abhishek Sharma,8,1,98,33,16.33,75,130.66,0,0,7,4,2,0,8,60,64,4,2/4,16.00,6.40,15.00,0,0
2020.0,Abhishek Sharma,8,2,71,31,14.2,56,126.78,0,0,6,3,1,0,8,60,91,2,1/15,45.50,9.10,30.00,0,0
2019.0,Abhishek Sharma,3,1,9,5*,4.5,9,100.0,0,0,1,0,2,0,3,12,21,1,1/10,21.00,10.50,12.00,0,0
2018.0,Abhishek Sharma,3,2,63,46*,63.0,33,190.9,0,0,3,5,1,0,3,0,0,0,0,0,0,0,0,0
,Ajay Mandal,No stats,No stats,No stats,No stats,No stats,No stats,No stats,No stats,No stats,No stats,No stats,No stats,No stats,No stats,No stats,No stats,No stats,No stats,No stats,No stats,No stats,No stats,No stats
2024.0,Andre Russell,14,2,222,64*,31.71,120,185.0,0,1,20,16,3,0,15,176,295,19,3/19,15.53,10.06,9.26,0,0
2023.0,Andre Russell,14,3,227,42,20.64,156,145.51,0,0,13,18,6,0,14,91,172,7,3/22,24.57,11.34,13.00,0,0
2022.0,Andre Russell,14,3,335,70*,37.22,192,174.48,0,1,18,32,2,0,14,169,278,17,4/5,16.35,9.87,9.94,1,0
2021.0,Andre Russell,10,2,183,54,26.14,120,152.5,0,1,14,14,2,0,10,114,188,11,5/15,17.09,9.89,10.36,0,1
2020.0,Andre Russell,10,0,117,25,13.0,81,144.44,0,0,9,9,2,0,10,108,175,6,2/29,29.16,9.72,18.00,0,0
2019.0,Andre Russell,14,4,510,80*,56.66,249,204.81,0,4,31,52,4,0,14,181,287,11,2/21,26.09,9.51,16.45,0,0
2018.0,Andre Russell,16,3,316,88*,28.72,171,184.79,0,1,17,31,8,0,16,227,355,13,3/31,27.30,9.38,17.46,0,0
2016.0,Andre Russell,12,1,188,39*,26.85,114,164.91,0,0,10,15,2,0,12,219,291,15,4/20,19.40,7.97,14.60,1,0
2015.0,Andre Russell,13,2,326,66,36.22,169,192.89,0,3,35,19,6,0,13,244,324,14,3/32,23.14,7.96,17.42,0,0
2014.0,Andre Russell,2,0,2,1,1.0,8,25.0,0,0,0,0,0,0,2,30,52,1,1/25,52.00,10.4,30.00,0,0
2013.0,Andre Russell,3,0,11,7,5.5,14,78.57,0,0,0,0,0,0,3,42,68,0,0/13,0,9.71,0,0,0
2012.0,Andre Russell,4,0,47,31,23.5,26,180.76,0,0,3,3,0,0,4,96,161,1,1/51,161.00,10.06,96.00,0,0
2024.0,Anshul Kamboj,3,1,2,2*,0,2,100.0,0,0,0,0,3,0,3,60,114,2,1/24,57.0,11.4,30.0,0,0
2024.0,Anukul Roy,3.0,1.0,3.0,3*,0,3.0,100.0,0.0,0.0,0.0,0.0,0.0,0.0,4,34,60,0,0/6,0,10.59,0,0,0
2023.0,Anukul Roy,4.0,2.0,23.0,13*,11.50,19.0,121.05,0.0,0.0,3.0,0.0,4.0,0.0,4,48,65,3,2/19,21.67,8.13,16.00,0,0
2022.0,Anukul Roy,2.0,0.0,0.0,0,0.00,2.0,0.0,0.0,0.0,0.0,0.0,1.0,0.0,2,42,55,1,1/28,55.00,7.86,42.00,0,0
2019.0,Anukul Roy,0.0,0.0,0.0,0,0,0.0,0.0,0.0,0.0,0.0,0.0,0.0,0.0,1,12,11,1,1/11,11.00,5.5,12.00,0,0
2024.0,Arshin Kulkarni,2,0,9,9,4.5,8,112.5,0,0,2,0,0,0,2,0,0,0,0,0,0,0,0,0
2024.0,Ashutosh Sharma,11,2,189,61,27.0,113,167.26,0,1,10,15,2,0,11,0,0,0,0,0,0,0,0,0
2024.0,Axar Patel,14,4,235,66,29.38,179,131.28,0,2,19,10,13,0,14,264,337,11,2/25,30.64,7.66,24.0,0,0
2023.0,Axar Patel,14,3,283,54,28.3,203,139.41,0,1,21,15,7,0,14,282,338,11,2/13,30.73,7.19,25.64,0,0
2022.0,Axar Patel,13,6,182,42*,45.5,120,151.67,0,0,12,10,8,0,13,258,321,6,2/10,53.5,7.47,43.0,0,0
2021.0,Axar Patel,12,1,40,12,8.0,46,86.95,0,0,2,1,4,0,12,276,306,15,3/21,20.4,6.65,18.4,0,0
2020.0,Axar Patel,15,1,117,42,14.62,85,137.64,0,0,6,8,6,0,15,306,327,9,2/18,36.33,6.41,34.0,0,0
2019.0,Axar Patel,14,6,110,26,18.33,88,125.0,0,0,10,3,9,0,14,306,364,10,2/22,36.4,7.13,30.6,0,0
2018.0,Axar Patel,9,2,80,19,13.33,69,115.94,0,0,3,4,2,0,9,156,218,3,1/21,72.66,8.38,52.0,0,0
2017.0,Axar Patel,14,5,227,44,28.37,162,140.12,0,0,11,11,7,0,14,288,362,15,3/11,24.13,7.54,19.2,0,0
2016.0,Axar Patel,14,3,111,36*,15.85,77,144.15,0,0,4,8,2,0,14,287,388,13,4/21,29.84,8.11,22.07,1,0
2015.0,Axar Patel,14,3,206,40*,22.88,174,118.39,0,0,13,8,7,0,14,280,392,13,2/11,30.15,8.4,21.53,0,0
2014.0,Axar Patel,17,2,62,42*,10.33,60,103.33,0,0,6,1,7,0,17,396,405,17,3/24,23.82,6.13,23.29,0,0
2024.0,Ayush Badoni,14,4,235,55*,29.38,171,137.43,0,2,22,5,3,0,14,12,25,0,0/6,0,12.50,0,0,0
2023.0,Ayush Badoni,15,2,238,59*,23.8,172,138.37,0,1,13,12,2,0,15,1,0,0,0/0,0,0,0,0,0
2022.0,Ayush Badoni,13,3,161,54,20.13,130,123.85,0,1,11,7,9,0,13,12,11,2,1/5,5.50,5.50,6.00,0,0
2024.0,Azmatullah Omarzai,7,0,42,17,10.5,33,127.27,0,0,2,2,0,0,7,126,186,4,2/27,46.5,8.86,31.5,0,0
,Corbin Bosch,No stats,No stats,No stats,No stats,No stats,No stats,No stats,No stats,No stats,No stats,No stats,No stats,No stats,No stats,No stats,No stats,No stats,No stats,No stats,No stats,No stats,No stats,No stats
2024.0,Darshan Nalkande,3,0,12,12,12.00,11.0,109.09,0,0,0,1,2,0,3,29,45,3,2/21,15.0,9.31,9.67,0,0
2023.0,Darshan Nalkande,1,0,0,0,0.00,1.0,0.00,0,0,0,0,0,0,1,24,44,1,1/44,44.0,11.0,24.0,0,0
2022.0,Darshan Nalkande,2,0,0,0,0,0.0,0,0,0,0,0,0,0,2,31,59,2,2/37,29.5,11.42,15.5,0,0
2024.0,Deepak Hooda,11,1,145,50,18.13,105,138.1,0,1,16,3,4,0,11,18,22,0,0/9,0,7.33,0,0,0
2023.0,Deepak Hooda,12,1,84,17,7.64,90,93.33,0,0,3,2,10,0,12,6,8,0,0/8,0,8.0,0,0,0
2022.0,Deepak Hooda,15,0,451,59,32.21,330,136.67,0,4,36,18,8,0,15,24,43,1,1/31,43.00,10.75,24.00,0,0
2021.0,Deepak Hooda,12,1,160,64,16.0,123,130.08,0,1,9,9,7,0,12,96,136,2,1/15,68.00,8.5,48.00,0,0
2020.0,Deepak Hooda,7,4,101,62*,101.0,71,142.25,0,1,5,5,3,0,7,6,9,0,0/9,0,9.0,0,0,0
2019.0,Deepak Hooda,11,1,64,20,10.66,63,101.58,0,0,5,1,10,0,11,12,21,1,1/13,21.00,10.5,12.00,0,0
2018.0,Deepak Hooda,9,4,87,32*,21.75,81,107.4,0,0,2,3,3,0,9,18,24,0,0/8,0,8.0,0,0,0
2017.0,Deepak Hooda,10,3,78,19*,26.0,52,150.0,0,0,5,4,5,0,10,24,42,2,1/7,21.00,10.5,12.00,0,0
2016.0,Deepak Hooda,17,1,144,34,10.28,121,119.0,0,0,9,5,3,0,17,78,97,3,2/16,32.33,7.46,26.00,0,0
2015.0,Deepak Hooda,14,0,151,54,16.77,95,158.94,0,1,6,11,1,0,14,91,129,1,1/35,129.00,8.5,91.00,0,0
2024.0,Glenn Maxwell,10,0,52,28,5.78,43,120.93,0,0,6,2,3,0,10,96,129,6,2/23,21.50,8.06,16.00,0,0
2023.0,Glenn Maxwell,14,2,400,77,33.33,218,183.49,0,5,29,31,4,0,14,62,94,3,1/3,31.33,9.1,20.67,0,0
2022.0,Glenn Maxwell,13,2,301,55,27.36,178,169.1,0,1,31,15,5,0,13,144,165,6,2/22,27.50,6.88,24.00,0,0
2021.0,Glenn Maxwell,15,2,513,78,42.75,356,144.1,0,6,48,21,5,0,15,96,135,3,2/23,45.00,8.43,32.00,0,0
2020.0,Glenn Maxwell,13,4,108,32,15.42,106,101.88,0,0,9,0,4,0,13,126,169,3,1/10,56.33,8.04,42.00,0,0
2018.0,Glenn Maxwell,12,0,169,47,14.08,120,140.83,0,0,14,9,4,0,12,96,132,5,2/22,26.40,8.25,19.20,0,0
2017.0,Glenn Maxwell,14,3,310,47,31.0,179,173.18,0,0,19,26,7,0,14,114,125,7,2/15,17.85,6.57,16.28,0,0
2016.0,Glenn Maxwell,11,2,179,68,19.88,124,144.35,0,2,14,8,3,0,11,54,80,0,0/3,0,8.88,0,0,0
2015.0,Glenn Maxwell,11,0,145,43,13.18,112,129.46,0,0,13,8,2,0,11,60,97,2,1/5,48.50,9.7,30.00,0,0
2014.0,Glenn Maxwell,16,0,552,95,34.5,294,187.75,0,4,48,36,9,0,16,66,132,1,1/21,132.00,12.0,66.00,0,0
2013.0,Glenn Maxwell,3,1,36,23,18.0,27,133.33,0,0,1,4,1,0,3,12,23,0,0/5,0,11.5,0,0,0
2012.0,Glenn Maxwell,2,1,6,3*,6.0,11,54.54,0,0,0,0,0,0,2,18,22,1,1/10,22.00,7.33,18.00,0,0
2024.0,Hardik Pandya,14,1,216,46,18.0,151,143.05,0,0,17,11,4,0,14,216,387,11,3/31,35.18,10.75,19.64,0,0
2023.0,Hardik Pandya,16,4,346,66,31.45,253,136.76,0,2,26,15,8,0,16,150,228,3,1/10,76.00,9.12,50.00,0,0
2022.0,Hardik Pandya,15,4,487,87*,44.27,371,131.27,0,4,49,12,4,0,15,183,222,8,3/17,27.75,7.28,22.88,0,0
2021.0,Hardik Pandya,12,2,127,40*,14.11,112,113.39,0,0,11,5,4,0,12,0,0,0,0,0,0,0,0,0
2020.0,Hardik Pandya,14,5,281,60*,35.12,157,178.98,0,1,14,25,6,0,14,0,0,0,0,0,0,0,0,0
2019.0,Hardik Pandya,16,6,402,91,44.66,210,191.42,0,1,28,29,11,0,16,255,390,14,3/20,27.85,9.17,18.21,0,0
2018.0,Hardik Pandya,13,4,260,50,28.88,195,133.33,0,1,20,11,8,0,13,256,381,18,3/24,21.16,8.92,14.22,0,0
2017.0,Hardik Pandya,17,9,250,35*,35.71,160,156.25,0,0,11,20,12,0,17,156,213,6,2/22,35.50,8.19,26.00,0,0
2016.0,Hardik Pandya,11,2,44,9,6.28,63,69.84,0,0,4,0,6,0,11,100,153,3,1/7,51.00,9.18,33.33,0,0
2015.0,Hardik Pandya,9,3,112,61*,22.4,62,180.64,0,1,9,8,6,0,9,102,176,1,1/13,176.00,10.35,102.00,0,0
2024.0,Harpreet Brar,13,5,75,29,37.5,54,138.89,0,0,8,2,7,0,13,228,303,7,2/13,43.29,7.97,32.57,0,0
2023.0,Harpreet Brar,13,2,52,17*,8.67,41,126.83,0,0,5,2,2,0,13,163,218,9,4/30,24.22,8.02,18.11,1,0
2022.0,Harpreet Brar,5,0,22,14,7.33,25,88.0,0,0,1,2,3,0,5,96,146,4,3/26,36.50,9.13,24.00,0,0
2021.0,Harpreet Brar,7,5,64,25*,0.0,58,110.34,0,0,3,2,2,0,7,138,139,5,3/19,27.80,6.04,27.60,0,0
2020.0,Harpreet Brar,1,0,0,0,0.0,0,0.0,0,0,0,0,0,0,1,24,41,0,0/41,0,10.25,0,0,0
2019.0,Harpreet Brar,2,1,20,20*,0.0,12,166.66,0,0,2,1,0,0,2,30,48,0,0/24,0,9.6,0,0,0
2024.0,Harshal Patel,14,1,13,12,4.33,19,68.42,0,0,1,1,5,0,14,294,477,24,3/15,19.88,9.73,12.25,0,0
2023.0,Harshal Patel,13,0,6,6,3.0,6,100.0,0,0,0,1,2,0,13,282,454,14,3/32,32.43,9.66,20.14,0,0
2022.0,Harshal Patel,15,3,43,11,8.6,39,110.26,0,0,4,2,3,0,15,321,410,19,4/34,21.58,7.66,16.89,1,0
2021.0,Harshal Patel,15,4,59,31,14.75,46,128.26,0,0,6,2,3,0,15,338,459,32,5/27,14.34,8.14,10.56,1,1
2020.0,Harshal Patel,5,0,21,16,10.5,24,87.5,0,0,2,0,1,0,5,90,134,3,2/34,44.66,8.93,30.0,0,0
2019.0,Harshal Patel,2,1,0,0*,0.0,2,0.0,0,0,0,0,0,0,2,48,77,2,2/40,38.5,9.62,24.0,0,0
2018.0,Harshal Patel,5,1,60,36*,60.0,33,181.81,0,0,1,6,0,0,5,105,167,7,3/28,23.85,9.54,15.0,0,0
2017.0,Harshal Patel,1,0,0,0,0.0,0,0.0,0,0,0,0,0,0,1,24,43,3,3/43,14.33,10.75,8.0,0,0
2016.0,Harshal Patel,5,1,0,0,0.0,0,0.0,0,0,0,0,2,0,5,84,147,1,1/46,147.0,10.5,84.0,0,0
2015.0,Harshal Patel,15,2,19,9*,3.8,12,158.33,0,0,0,2,1,0,15,263,328,17,2/12,19.29,7.48,15.47,0,0
2014.0,Harshal Patel,3,1,13,6,6.5,7,185.71,0,0,1,1,0,0,3,66,113,4,2/56,28.25,10.27,16.5,0,0
2012.0,Harshal Patel,12,1,15,10,7.5,15,100.0,0,0,1,0,8,0,12,246,340,9,2/24,37.77,8.29,27.33,0,0
,Jacob Bethell,No stats,No stats,No stats,No stats,No stats,No stats,No stats,No stats,No stats,No stats,No stats,No stats,No stats,No stats,No stats,No stats,No stats,No stats,No stats,No stats,No stats,No stats,No stats
,Jamie Overton,No stats,No stats,No stats,No stats,No stats,No stats,No stats,No stats,No stats,No stats,No stats,No stats,No stats,No stats,No stats,No stats,No stats,No stats,No stats,No stats,No stats,No stats,No stats
2023.0,Jayant Yadav,1,0,0,0,0,0.0,0,0,0,0,0,2,0,1,24,26,0,0/26,0,6.5,0,0,0
2021.0,Jayant Yadav,5,1,34,23,17.00,26.0,130.76,0,0,2,1,2,0,5,102,130,2,1/25,65.00,7.64,51.00,0,0
2020.0,Jayant Yadav,2,0,0,0,0.00,0.0,0.00,0,0,0,0,0,0,2,42,43,1,1/25,43.00,6.14,42.00,0,0
2019.0,Jayant Yadav,2,0,0,0,0.00,0.0,0.00,0,0,0,0,2,0,2,42,50,1,1/25,50.00,7.14,42.00,0,0
2017.0,Jayant Yadav,2,0,0,0,0.00,0.0,0.00,0,0,0,0,0,0,2,36,42,0,0/16,0,7.0,0,0,0
2016.0,Jayant Yadav,5,0,6,5,3.00,10.0,60.00,0,0,0,0,1,0,5,102,125,2,1/23,62.50,7.35,51.00,0,0
2015.0,Jayant Yadav,3,0,0,0,0.00,0.0,0.00,0,0,0,0,1,0,3,42,29,2,1/8,14.50,4.14,21.00,0,0
,Kamindu Mendis,No stats,No stats,No stats,No stats,No stats,No stats,No stats,No stats,No stats,No stats,No stats,No stats,No stats,No stats,No stats,No stats,No stats,No stats,No stats,No stats,No stats,No stats,No stats
2022.0,Kamlesh Nagarkoti,1,0,0,0,0,0.0,0,0,0,0,0,2,0,1,12,29,0,0/29,0,14.5,0,0,0
2021.0,Kamlesh Nagarkoti,1,0,0,0*,0.00,2.0,0.00,0,0,0,0,0,0,1,12,25,0,0/25,0,12.5,0,0,0
2020.0,Kamlesh Nagarkoti,10,3,22,8*,7.33,31.0,70.96,0,0,1,0,4,0,10,156,231,5,2/13,46.20,8.88,31.20,0,0
,Karim Janat,No stats,No stats,No stats,No stats,No stats,No stats,No stats,No stats,No stats,No stats,No stats,No stats,No stats,No stats,No stats,No stats,No stats,No stats,No stats,No stats,No stats,No stats,No stats
2024.0,Krunal Pandya,14,8,133,43*,33.25,105,126.67,0,0,8,5,3,0,14,198,255,6,3/11,42.5,7.73,33.0,0,0
2023.0,Krunal Pandya,15,4,188,49,18.8,165,113.94,0,0,15,6,8,0,15,252,313,9,3/18,34.78,7.45,28.0,0,0
2022.0,Krunal Pandya,14,4,183,42,20.33,145,126.21,0,0,16,4,7,0,14,228,265,10,3/19,26.5,6.97,22.8,0,0
2021.0,Krunal Pandya,13,2,143,39,14.3,123,116.26,0,0,10,6,6,0,13,199,265,5,1/13,53.0,7.98,39.8,0,0
2020.0,Krunal Pandya,16,6,109,34,18.16,92,118.47,0,0,9,5,4,0,16,301,380,6,2/26,63.33,7.57,50.16,0,0
2019.0,Krunal Pandya,16,4,183,42,16.63,150,122.0,0,0,18,5,5,0,16,276,335,12,3/34,27.91,7.28,23.0,0,0
2018.0,Krunal Pandya,14,3,228,41*,22.8,157,145.22,0,0,22,10,9,0,14,241,284,12,3/28,23.66,7.07,20.08,0,0
2017.0,Krunal Pandya,13,4,243,47,34.71,179,135.75,0,0,24,7,2,0,13,240,273,10,3/14,27.3,6.82,24.0,0,0
2016.0,Krunal Pandya,12,3,237,86,39.5,124,191.12,0,1,22,13,2,0,12,187,236,6,2/15,39.33,7.57,31.16,0,0
2024.0,Liam Livingstone,7,2,111,38*,22.2,78,142.31,0,0,8,7,1,0,7,72,84,3,2/19,28.00,7.00,24.00,0,0
2023.0,Liam Livingstone,9,1,279,94,34.88,171,163.16,0,2,20,19,4,0,9,42,94,2,1/19,47.00,13.43,21.00,0,0
2022.0,Liam Livingstone,14,2,437,70,36.42,240,182.08,0,4,29,34,6,0,14,138,202,6,3/27,33.67,8.78,23.00,0,0
2021.0,Liam Livingstone,5,0,42,25,8.4,41,102.43,0,0,3,1,3,0,5,0,0,0,0,0,0,0,0,0
2019.0,Liam Livingstone,4,1,70,44,23.33,48,145.83,0,0,6,5,4,0,4,6,13,0,0/13,0,13.00,0,0,0
,Madhav Tiwari,No stats,No stats,No stats,No stats,No stats,No stats,No stats,No stats,No stats,No stats,No stats,No stats,No stats,No stats,No stats,No stats,No stats,No stats,No stats,No stats,No stats,No stats,No stats
2024.0,Mahipal Lomror,10,2,125,33,15.63,68,183.82,0,0,9,9,3,0,10,6,18,0,0/18,0,18.00,0,0,0
2023.0,Mahipal Lomror,12,2,135,54*,16.88,97,139.18,0,1,9,8,4,0,12,12,17,0,0/4,0,8.50,0,0,0
2022.0,Mahipal Lomror,7,0,86,42,17.2,57,150.88,0,0,7,4,2,0,7,12,18,0,0/7,0,9.00,0,0,0
2021.0,Mahipal Lomror,4,1,94,43,31.33,73,128.76,0,0,3,6,0,0,4,42,47,1,1/22,47.00,6.71,42.00,0,0
2020.0,Mahipal Lomror,3,0,59,47,19.66,54,109.25,0,0,2,3,0,0,3,0,0,0,0,0,0,0,0,0
2019.0,Mahipal Lomror,2,0,8,8,8.0,3,266.66,0,0,2,0,1,0,2,0,0,0,0,0,0,0,0,0
2018.0,Mahipal Lomror,2,1,20,11,20.0,21,95.23,0,0,1,0,0,0,2,18,27,0,0/8,0,9.00,0,0,0
,Manoj Bhandage,No stats,No stats,No stats,No stats,No stats,No stats,No stats,No stats,No stats,No stats,No stats,No stats,No stats,No stats,No stats,No stats,No stats,No stats,No stats,No stats,No stats,No stats,No stats
2024.0,Marco Jansen,3,1,18,17,18.0,13,138.46,0,0,1,1,6,0,3,60,129,1,1/45,129.0,12.9,60.0,0,0
2023.0,Marco Jansen,8,3,39,17*,13.0,43,90.7,0,0,4,0,3,0,8,162,267,10,2/16,26.7,9.89,16.2,0,0
2022.0,Marco Jansen,8,2,9,8*,9.0,7,128.57,0,0,0,1,3,0,8,192,274,7,3/25,39.14,8.56,27.43,0,0
2021.0,Marco Jansen,2,0,0,0*,0.0,3,0.0,0,0,0,0,1,0,2,36,45,2,2/28,22.5,7.5,18.0,0,0
2024.0,Marcus Stoinis,14,2,388,124*,32.33,263,147.53,1,2,39,16,4,0,14,84,126,4,1/3,31.5,9.0,21.0,0,0
2023.0,Marcus Stoinis,15,2,408,89*,31.38,272,150.0,0,3,28,27,4,0,15,65,100,5,2/20,20.0,9.23,13.0,0,0
2022.0,Marcus Stoinis,11,2,156,38*,19.5,106,147.17,0,0,7,13,4,0,11,42,79,4,3/23,19.75,11.29,10.5,0,0
2021.0,Marcus Stoinis,10,3,89,27*,22.25,72,123.61,0,0,11,1,2,0,10,67,117,2,1/7,58.5,10.47,33.5,0,0
2020.0,Marcus Stoinis,17,3,352,65,25.14,237,148.52,0,3,31,16,3,0,17,178,283,13,3/26,21.76,9.53,13.69,0,0
2019.0,Marcus Stoinis,10,6,211,46*,52.75,156,135.25,0,0,14,10,2,0,10,100,145,2,1/13,72.5,8.7,50.0,0,0
2018.0,Marcus Stoinis,7,3,99,29*,24.75,76,130.26,0,0,6,4,2,0,7,66,120,3,1/15,40.0,10.9,22.0,0,0
2017.0,Marcus Stoinis,5,0,17,9,5.66,24,70.83,0,0,1,0,3,0,5,63,110,2,1/28,55.0,10.47,31.5,0,0
2016.0,Marcus Stoinis,7,1,146,52,36.5,108,135.18,0,1,13,4,0,0,7,138,194,8,4/15,24.25,8.43,17.25,1,0
2024.0,Mitchell Marsh,4,0,61,23,15.25,38,160.53,0,0,9,3,0,0,4,48,103,1,1/37,103.00,12.88,48.00,0,0
2023.0,Mitchell Marsh,9,0,128,63,14.22,97,131.96,0,1,11,7,3,0,9,121,170,12,4/27,14.17,8.43,10.08,1,0
2022.0,Mitchell Marsh,8,0,251,89,31.38,189,132.8,0,2,19,14,0,0,8,72,102,4,2/25,25.50,8.5,18.00,0,0
2020.0,Mitchell Marsh,1,0,0,0*,0.0,1,0.0,0,0,0,0,0,0,1,4,6,0,0/6,0,9.0,0,0,0
2016.0,Mitchell Marsh,3,0,7,7,7.0,11,63.63,0,0,0,0,0,0,3,54,45,4,2/14,11.25,5.0,13.50,0,0
2013.0,Mitchell Marsh,9,1,141,38,20.14,106,132.07,0,0,6,10,7,0,9,116,182,7,2/7,26.00,9.41,16.57,0,0
2011.0,Mitchell Marsh,5,1,50,37,25.0,49,102.04,0,0,2,3,0,0,5,85,99,7,4/25,14.14,6.98,12.14,1,0
2010.0,Mitchell Marsh,3,0,28,15,14.0,30,93.33,0,0,1,1,0,0,3,60,88,2,1/19,44.00,8.8,30.00,0,0
2024.0,Mitchell Santner,3,0,14,11,4.67,17,82.35,0,0,1,0,1,0,3,54,64,2,1/10,32.0,7.11,27.0,0,0
2023.0,Mitchell Santner,3,2,2,1*,0,4,50.0,0,0,0,0,1,0,3,72,81,3,2/28,27.0,6.75,24.0,0,0
2022.0,Mitchell Santner,6,2,22,11,11.00,27,81.48,0,0,3,0,2,0,6,114,130,4,1/15,32.5,6.84,28.5,0,0
2020.0,Mitchell Santner,2,0,0,0,0.00,0,0.0,0,0,0,0,1,0,2,42,53,2,1/23,26.5,7.57,21.0,0,0
2019.0,Mitchell Santner,4,1,32,22,32.00,23,139.13,0,0,0,3,1,0,4,84,94,4,2/13,23.5,6.71,21.0,0,0
2024.0,Moeen Ali,8,0,128,56,25.6,98,130.61,0,1,7,8,2,0,8,48,71,2,2/23,35.5,8.88,24.0,0,0
2023.0,Moeen Ali,15,3,124,23,17.71,91,136.26,0,0,12,6,4,0,15,156,195,9,4/26,21.67,7.5,17.33,1,0
2022.0,Moeen Ali,10,0,244,93,24.4,177,137.85,0,1,24,11,5,0,10,143,158,8,3/13,19.75,6.63,17.88,0,0
2021.0,Moeen Ali,15,1,357,58,25.5,260,137.3,0,1,31,19,7,0,15,152,161,6,3/7,26.83,6.35,25.33,0,0
2020.0,Moeen Ali,3,0,12,11,4.0,16,75.0,0,0,1,0,1,0,3,30,42,1,1/21,42.0,8.4,30.0,0,0
2019.0,Moeen Ali,11,2,220,66,27.5,133,165.41,0,2,16,17,1,0,11,150,169,6,2/18,28.16,6.76,25.0,0,0
2018.0,Moeen Ali,5,0,77,65,19.25,46,167.39,0,1,4,6,2,0,5,79,97,3,1/13,32.33,7.36,26.33,0,0
,Musheer Khan,No stats,No stats,No stats,No stats,No stats,No stats,No stats,No stats,No stats,No stats,No stats,No stats,No stats,No stats,No stats,No stats,No stats,No stats,No stats,No stats,No stats,No stats,No stats
2024.0,Naman Dhir,7,1,140,62*,23.33,79,177.22,0,1,12,10,3,0,7,28,55,0,0/13,0,11.79,0,0,0
,Nishant Sindhu,No stats,No stats,No stats,No stats,No stats,No stats,No stats,No stats,No stats,No stats,No stats,No stats,No stats,No stats,No stats,No stats,No stats,No stats,No stats,No stats,No stats,No stats,No stats
2024.0,Nitish Kumar Reddy,13,2,303,76*,33.67,212.0,142.92,0,2,15,21,5,0,13,79,153,3,2/17,51.00,11.62,26.33,0,0
2023.0,Nitish Kumar Reddy,2,0,0,0,0,0.0,0,0,0,0,0,1,0,2,30,54,0,0/19,0,10.8,0,0,0
2024.0,Nitish Rana,2,0,42,33,21.0,34,123.53,0,0,5,1,0,0,2,0,0,0,0,0,0,0,0,0
2023.0,Nitish Rana,14,1,413,75,31.77,293,140.96,0,3,39,20,3,0,14,53,75,3,2/17,25.00,8.49,17.67,0,0
2022.0,Nitish Rana,14,1,361,57,27.77,251,143.82,0,2,29,22,6,0,14,12,23,0,0/9,0,11.50,0,0,0
2021.0,Nitish Rana,17,3,383,80,29.46,314,121.97,0,2,34,17,4,0,17,12,12,0,0/5,0,6.00,0,0,0
2020.0,Nitish Rana,14,0,352,87,25.14,254,138.58,0,3,43,12,2,0,14,12,23,0,0/7,0,11.50,0,0,0
2019.0,Nitish Rana,14,1,344,85*,34.4,235,146.38,0,3,27,21,3,0,14,48,72,3,1/8,24.00,9.00,16.00,0,0
2018.0,Nitish Rana,15,2,304,59,23.38,232,131.03,0,1,26,14,2,0,15,37,44,4,2/11,11.00,7.13,9.25,0,0
2017.0,Nitish Rana,13,1,333,62*,30.27,264,126.13,0,3,24,17,4,0,13,0,0,0,0,0,0,0,0,0
2016.0,Nitish Rana,4,0,104,70,34.66,75,138.66,0,1,7,8,0,0,4,6,3,0,0/3,0,3.00,0,0,0
2024.0,Pat Cummins,16,4,136,35*,22.67,95,143.16,0,0,9,8,7,0,16,366,566,18,3/43,31.44,9.28,20.33,0,0
2022.0,Pat Cummins,5,1,63,56*,15.75,24,262.5,0,1,5,6,1,0,5,119,212,7,3/22,30.29,10.69,17.0,0,0
2021.0,Pat Cummins,7,2,93,66*,31.0,56,166.07,0,1,5,8,2,0,7,161,237,9,3/24,26.33,8.83,17.88,0,0
2020.0,Pat Cummins,14,4,146,53*,20.85,114,128.07,0,1,9,8,3,0,14,312,409,12,4/34,34.08,7.86,26.0,1,0
2017.0,Pat Cummins,12,4,77,24,15.4,53,145.28,0,0,5,4,1,0,12,277,373,15,2/20,24.86,8.07,18.46,0,0
2015.0,Pat Cummins,3,0,0,0*,0.0,2,0.0,0,0,0,0,1,0,3,60,97,1,1/54,97.0,9.7,60.0,0,0
2014.0,Pat Cummins,1,0,0,0,0.0,0,0.0,0,0,0,0,0,0,1,24,29,1,1/29,29.0,7.25,24.0,0,0
,Priyansh Arya,No stats,No stats,No stats,No stats,No stats,No stats,No stats,No stats,No stats,No stats,No stats,No stats,No stats,No stats,No stats,No stats,No stats,No stats,No stats,No stats,No stats,No stats,No stats
2024.0,Rachin Ravindra,10,0,222,61,22.2,138,160.87,0,1,22,12,8,0,10,12,7,0,0/3,0,3.5,0,0,0
2024.0,Rahul Tewatia,12,2,188,36*,26.86,129,145.74,0,0,24,5,6,0,12,0,0,0,0,0,0,0,0,0
2023.0,Rahul Tewatia,17,6,87,20*,21.75,57,152.63,0,0,3,7,8,0,17,13,15,0,0/7,0,6.92,0,0,0
2022.0,Rahul Tewatia,16,5,217,43*,31.0,147,147.62,0,0,22,9,5,0,16,36,76,0,0/9,0,12.67,0,0,0
2021.0,Rahul Tewatia,14,1,155,44,15.5,147,105.44,0,0,11,6,2,0,14,222,340,8,3/39,42.50,9.18,27.75,0,0
2020.0,Rahul Tewatia,14,5,255,53,42.5,183,139.34,0,1,13,17,9,0,14,276,326,10,3/25,32.60,7.08,27.60,0,0
2019.0,Rahul Tewatia,5,3,26,11*,26.0,22,118.18,0,0,2,1,6,0,5,38,42,2,1/10,21.00,6.63,19.00,0,0
2018.0,Rahul Tewatia,8,2,50,24,16.66,43,116.27,0,0,5,1,2,0,8,132,173,6,3/18,28.83,7.86,22.00,0,0
2017.0,Rahul Tewatia,3,1,19,15*,19.0,11,172.72,0,0,4,0,0,0,3,54,49,3,2/18,16.33,5.44,18.00,0,0
2015.0,Rahul Tewatia,1,0,0,0,0.0,0,0.0,0,0,0,0,0,0,1,18,31,1,1/31,31.00,10.33,18.00,0,0
2014.0,Rahul Tewatia,3,0,16,16,16.0,13,123.07,0,0,0,1,0,0,3,54,59,2,1/17,29.50,6.55,27.00,0,0
2023.0,Rajvardhan Hangargekar,2,0,0,0,0,0.0,0,0,0,0,0,0,0,2,36,60,3,3/36,20.0,10.0,12.0,0,0
,Ramakrishna Ghosh,No stats,No stats,No stats,No stats,No stats,No stats,No stats,No stats,No stats,No stats,No stats,No stats,No stats,No stats,No stats,No stats,No stats,No stats,No stats,No stats,No stats,No stats,No stats
2024.0,Ramandeep Singh,14,5,125,35,31.25,62,201.61,0,0,5,12,8,0,15,4,9,0,0/9,0,13.5,0,0,0
2022.0,Ramandeep Singh,5,2,45,14*,22.5,40,112.5,0,0,3,1,1,0,5,36,54,6,3/20,9.00,9.0,6.00,0,0
2024.0,Ravichandran Ashwin,14,3,86,29,14.33,74,116.22,0,0,5,4,5,0,15,330,467,9,3/24,51.89,8.49,36.67,0,0
2023.0,Ravichandran Ashwin,13,4,67,30,11.17,51,131.37,0,0,5,3,1,0,13,294,368,14,2/23,26.29,7.51,21.0,0,0
2022.0,Ravichandran Ashwin,17,5,191,50,27.29,135,141.48,0,1,14,9,5,0,17,402,503,12,3/17,41.92,7.51,33.5,0,0
2021.0,Ravichandran Ashwin,13,2,44,20*,14.66,42,104.76,0,0,2,1,3,0,13,268,331,7,2/27,47.28,7.41,38.28,0,0
2020.0,Ravichandran Ashwin,15,3,37,14*,12.33,34,108.82,0,0,3,1,2,0,15,306,391,13,3/29,30.07,7.66,23.53,0,0
2019.0,Ravichandran Ashwin,14,1,42,17*,8.4,28,150.0,0,0,3,3,4,0,14,330,400,15,3/23,26.66,7.27,22.0,0,0
2018.0,Ravichandran Ashwin,14,1,102,45,12.75,71,143.66,0,0,7,5,5,0,14,304,410,10,2/18,41.0,8.09,30.4,0,0
2016.0,Ravichandran Ashwin,14,4,41,29,20.5,38,107.89,0,0,3,1,3,0,14,264,319,10,4/34,31.9,7.25,26.4,1,0
2015.0,Ravichandran Ashwin,14,3,52,23,17.33,32,162.5,0,0,6,1,3,0,14,234,228,10,2/5,22.8,5.84,23.4,0,0
2014.0,Ravichandran Ashwin,16,3,45,14,15.0,45,100.0,0,0,4,0,1,0,16,359,437,16,3/30,27.31,7.3,22.43,0,0
2013.0,Ravichandran Ashwin,18,1,35,11*,8.75,49,71.42,0,0,4,0,4,0,18,348,390,15,2/18,26.0,6.72,23.2,0,0
2012.0,Ravichandran Ashwin,19,2,18,8,6.0,15,120.0,0,0,2,0,5,0,19,395,432,14,3/24,30.85,6.56,28.21,0,0
2011.0,Ravichandran Ashwin,16,0,2,2,1.0,6,33.33,0,0,0,0,4,0,16,378,388,20,3/16,19.4,6.15,18.9,0,0
2010.0,Ravichandran Ashwin,12,2,30,11*,7.5,40,75.0,0,0,2,0,1,0,12,288,293,13,3/16,22.53,6.1,22.15,0,0
2009.0,Ravichandran Ashwin,2,0,8,8,8.0,15,53.33,0,0,1,0,2,0,2,24,13,2,2/13,6.5,3.25,12.0,0,0
2024.0,Ravindra Jadeja,14,5,267,57*,44.5,187,142.78,0,1,22,8,6,0,14,282,369,8,3/18,46.13,7.85,35.25,0,0
2023.0,Ravindra Jadeja,16,4,190,25*,23.75,133,142.86,0,0,11,9,9,0,16,342,431,20,3/20,21.55,7.56,17.10,0,0
2022.0,Ravindra Jadeja,10,4,116,26*,19.33,98,118.37,0,0,6,5,7,0,10,198,248,5,3/39,49.60,7.52,39.60,0,0
2021.0,Ravindra Jadeja,16,9,227,62*,75.66,156,145.51,0,1,19,9,13,0,16,294,346,13,3/13,26.61,7.06,22.61,0,0
2020.0,Ravindra Jadeja,14,6,232,50,46.4,135,171.85,0,1,22,11,5,0,14,218,318,6,2/42,53.00,8.75,36.33,0,0
2019.0,Ravindra Jadeja,16,6,106,31*,35.33,88,120.45,0,0,7,4,9,0,16,324,343,15,3/9,22.86,6.35,21.60,0,0
2018.0,Ravindra Jadeja,16,5,89,27*,17.8,74,120.27,0,0,3,4,11,0,16,246,303,11,3/18,27.54,7.39,22.36,0,0
2017.0,Ravindra Jadeja,12,6,158,28,39.5,113,139.82,0,0,13,4,2,0,12,228,349,5,2/28,69.80,9.18,45.60,0,0
2016.0,Ravindra Jadeja,15,6,191,36*,21.22,178,107.3,0,0,14,4,4,0,15,241,311,8,2/18,38.87,7.74,30.12,0,0
2015.0,Ravindra Jadeja,17,5,132,24,18.85,126,104.76,0,0,7,3,13,0,17,256,330,11,4/11,30.00,7.73,23.27,1,0
2014.0,Ravindra Jadeja,16,5,146,36*,29.2,110,132.72,0,0,9,5,4,0,16,326,443,19,4/12,23.31,8.15,17.15,2,0
2013.0,Ravindra Jadeja,18,6,201,38*,25.12,135,148.88,0,0,17,6,6,0,18,259,323,13,3/20,24.84,7.48,19.92,0,0
2012.0,Ravindra Jadeja,19,2,191,48,15.91,151,126.49,0,0,13,9,2,0,19,210,273,12,5/16,22.75,7.8,17.50,0,1
2011.0,Ravindra Jadeja,14,3,283,47,31.44,228,124.12,0,0,20,14,1,0,14,252,305,8,2/25,38.12,7.26,31.50,0,0
2009.0,Ravindra Jadeja,13,2,295,42,26.81,266,110.9,0,0,21,6,4,0,13,140,151,6,3/15,25.16,6.47,23.33,0,0
2008.0,Ravindra Jadeja,14,2,135,36*,19.28,103,131.06,0,0,11,6,7,0,14,13,21,0,0/0,0,9.69,0,0,0
2024.0,Riyan Parag,15,3,573,84*,52.09,384,149.22,0,4,40,33,7,0,16,18,27,0,0/10,0,9.00,0,0,0
2023.0,Riyan Parag,7,1,78,20,13.0,66,118.18,0,0,4,5,1,0,7,0,0,0,0,0,0,0,0,0
2022.0,Riyan Parag,17,3,183,56*,16.64,132,138.64,0,1,11,10,17,0,17,24,59,1,1/12,59.00,14.75,24.00,0,0
2021.0,Riyan Parag,11,2,93,25,11.62,83,112.04,0,0,6,4,6,0,11,37,73,1,1/7,73.00,11.83,37.00,0,0
2020.0,Riyan Parag,12,1,86,42*,12.28,77,111.68,0,0,6,3,1,0,12,12,27,0,0/13,0,13.50,0,0,0
2019.0,Riyan Parag,7,0,160,50,32.0,126,126.98,0,1,17,5,5,0,7,84,121,2,1/10,60.50,8.64,42.00,0,0
2024.0,Romario Shepherd,6,3,57,39*,28.5,21,271.43,0,0,5,5,0,0,6,72,159,1,1/54,159.00,13.25,72.00,0,0
2023.0,Romario Shepherd,1,0,0,0,0.0,1,0.0,0,0,0,0,0,0,1,0,0,0,0,0,0,0,0,0
2022.0,Romario Shepherd,3,1,58,26*,29.0,41,141.46,0,0,2,5,0,0,3,54,98,3,2/42,32.67,10.89,18.00,0,0
2024.0,Sai Kishore,5,1,13,13,13.00,6.0,216.67,0,0,0,2,2,0,5,90,137,7,4/33,19.57,9.13,12.86,1,0
2022.0,Sai Kishore,5,0,0,0,0,0.0,0,0,0,0,0,3,0,5,96,121,6,2/7,20.17,7.56,16.0,0,0
2024.0,Sam Curran,13,2,270,63,27.0,219,123.29,0,2,24,6,7,0,13,246,416,16,3/28,26.0,10.15,15.38,0,0
2023.0,Sam Curran,14,3,276,55,27.6,203,135.96,0,1,20,13,5,0,14,287,489,10,3/31,48.9,10.22,28.7,0,0
2021.0,Sam Curran,9,1,56,34,18.66,29,193.1,0,0,5,3,1,0,9,198,328,9,3/34,36.44,9.93,22.0,0,0
2020.0,Sam Curran,14,3,186,52,23.25,141,131.91,0,1,12,12,7,0,14,252,344,13,3/19,26.46,8.19,19.38,0,0
2019.0,Sam Curran,9,4,95,55*,23.75,55,172.72,0,1,13,3,2,0,9,198,323,10,4/11,32.3,9.78,19.8,1,0
2024.0,Sameer Rizvi,8,1,51,21,12.75,43,118.6,0,0,4,2,4,0,8,0,0,0,0,0,0,0,0,0
2024.0,Shashank Singh,14,6,354,68*,44.25,215,164.65,0,2,28,21,7,0,14,6,5,1,1/5,5.00,5.0,6.00,0,0
2022.0,Shashank Singh,10,1,69,25*,17.25,47,146.81,0,0,5,4,3,0,10,12,20,0,0/10,0,10.0,0,0,0
2024.0,Shivam Dube,14,3,396,66*,36.0,244,162.3,0,3,28,28,2,0,14,6,14,1,1/14,14.00,14.00,6.00,0,0
2023.0,Shivam Dube,16,3,418,52,38.0,264,158.33,0,3,12,35,6,0,16,0,0,0,0,0,0,0,0,0
2022.0,Shivam Dube,11,1,289,95*,28.9,185,156.22,0,2,22,16,6,0,11,12,36,0,0/11,0,18.00,0,0,0
2021.0,Shivam Dube,9,1,230,64*,28.75,193,119.17,0,1,18,10,2,0,9,30,49,0,0/5,0,9.80,0,0,0
2020.0,Shivam Dube,11,2,129,27*,18.42,105,122.85,0,0,5,9,2,0,11,54,73,4,2/15,18.25,8.11,13.50,0,0
2019.0,Shivam Dube,4,1,40,24,13.33,33,121.21,0,0,1,3,1,0,4,10,8,0,0/3,0,4.80,0,0,0
,Suryansh Shedge,No stats,No stats,No stats,No stats,No stats,No stats,No stats,No stats,No stats,No stats,No stats,No stats,No stats,No stats,No stats,No stats,No stats,No stats,No stats,No stats,No stats,No stats,No stats
2024.0,Swapnil Singh,7,3,37,15*,18.50,21,176.19,0,0,3,3,2,0,7,90,133,6,2/28,22.17,8.87,15.00,0,0
2023.0,Swapnil Singh,2,1,2,2*,0,4,50.0,0,0,0,0,0,0,2,12,18,0,0/7,0,9.0,0,0,0
2024.0,Tim David,13,3,241,45*,30.13,152,158.55,0,0,14,15,6,0,13.0,0.0,0.0,0.0,0,0,0,0,0.0,0.0
2023.0,Tim David,16,6,231,45*,25.67,146,158.22,0,0,12,15,10,0,16.0,0.0,0.0,0.0,0,0,0,0,0.0,0.0
2022.0,Tim David,8,3,186,46,37.2,86,216.28,0,0,12,16,6,0,8.0,0.0,0.0,0.0,0,0,0,0,0.0,0.0
2021.0,Tim David,1,0,1,1,1.0,3,33.33,0,0,0,0,0,0,0.0,0.0,0.0,0.0,0,0,0,0,0.0,0.0
,Tripurana Vijay,No stats,No stats,No stats,No stats,No stats,No stats,No stats,No stats,No stats,No stats,No stats,No stats,No stats,No stats,No stats,No stats,No stats,No stats,No stats,No stats,No stats,No stats,No stats
2024.0,Venkatesh Iyer,14,5,370,70,46.25,233,158.8,0,4,35,19,4,0,15,6,28,0,0/28,0,28.00,0,0,0
2023.0,Venkatesh Iyer,14,0,404,104,28.86,277,145.85,1,2,32,21,3,0,14,0,0,0,0,0,0,0,0,0
2022.0,Venkatesh Iyer,12,1,182,50*,16.55,169,107.69,0,1,17,7,4,0,12,24,46,0,0/8,0,11.50,0,0,0
2021.0,Venkatesh Iyer,10,1,370,67,41.11,288,128.47,0,4,37,14,7,0,10,51,69,3,2/29,23.00,8.11,17.00,0,0
,Vignesh Puthur,No stats,No stats,No stats,No stats,No stats,No stats,No stats,No stats,No stats,No stats,No stats,No stats,No stats,No stats,No stats,No stats,No stats,No stats,No stats,No stats,No stats,No stats,No stats
2024.0,Vijay Shankar,7,2,83,17,16.6,72,115.28,0,0,7,2,4,0,7,0,0,0,0,0,0,0,0,0
2023.0,Vijay Shankar,14,2,301,63*,37.63,188,160.11,0,3,27,15,2,0,14,0,0,0,0,0,0,0,0,0
2022.0,Vijay Shankar,4,0,19,13,4.75,35,54.29,0,0,1,0,3,0,4,9,15,0,0/1,0,10.00,0,0,0
2021.0,Vijay Shankar,7,0,58,28,11.6,52,111.53,0,0,1,3,3,0,7,66,100,3,2/19,33.33,9.09,22.00,0,0
2020.0,Vijay Shankar,7,1,97,52*,24.25,96,101.04,0,1,10,1,1,0,7,79,82,4,1/11,20.50,6.22,19.75,0,0
2019.0,Vijay Shankar,15,2,244,40*,20.33,193,126.42,0,0,11,12,10,0,15,48,70,1,1/11,70.00,8.75,48.00,0,0
2018.0,Vijay Shankar,13,7,212,54*,53.0,148,143.24,0,1,11,11,6,0,13,30,58,1,1/22,58.00,11.60,30.00,0,0
2017.0,Vijay Shankar,4,2,101,63*,50.5,75,134.66,0,1,12,1,1,0,4,0,0,0,0,0,0,0,0,0
2014.0,Vijay Shankar,1,0,0,0,0.0,0,0.0,0,0,0,0,0,0,1,6,19,0,0/19,0,19.00,0,0,0
,Vipraj Nigam,No stats,No stats,No stats,No stats,No stats,No stats,No stats,No stats,No stats,No stats,No stats,No stats,No stats,No stats,No stats,No stats,No stats,No stats,No stats,No stats,No stats,No stats,No stats
2024.0,Washington Sundar,2,1,0,0,0.0,1,0.0,0,0,0,0,0,0,2,30,73,1,1/46,73.0,14.6,30.0,0,0
2023.0,Washington Sundar,7,1,60,24*,15.0,60,100.0,0,0,6,0,2,0,7,106,146,3,3/28,48.67,8.26,35.33,0,0
2022.0,Washington Sundar,9,0,101,40,14.43,69,146.38,0,0,9,3,1,0,9,168,239,6,2/21,39.83,8.54,28.0,0,0
2021.0,Washington Sundar,6,0,31,10,7.75,47,65.95,0,0,2,0,2,0,6,96,118,3,1/7,39.33,7.37,32.0,0,0
2020.0,Washington Sundar,15,3,111,30,18.5,95,116.84,0,0,10,2,0,0,15,300,298,8,2/16,37.25,5.96,37.5,0,0
2019.0,Washington Sundar,3,0,1,1,0.5,3,33.33,0,0,0,0,2,0,3,54,74,4,3/24,18.5,8.22,13.5,0,0
2018.0,Washington Sundar,7,3,65,35,21.66,38,171.05,0,0,5,4,0,0,7,120,192,4,2/22,48.0,9.6,30.0,0,0
2017.0,Washington Sundar,11,5,9,5*,9.0,12,75.0,0,0,0,0,5,0,11,180,185,8,3/16,23.12,6.16,22.5,0,0
,Wiaan Mulder,No stats,No stats,No stats,No stats,No stats,No stats,No stats,No stats,No stats,No stats,No stats,No stats,No stats,No stats,No stats,No stats,No stats,No stats,No stats,No stats,No stats,No stats,No stats
2024.0,Will Jacks,8,1,230,100*,32.86,131,175.57,1,1,16,18,3,0,8,54,100,2,1/23,50.0,11.11,27.0,0,0
2024.0,Yashasvi Jaiswal,15,1,435,104*,31.07,279,155.91,1,1,54,16,4,0,15,0,0,0,0,0,0,0,0,0
2023.0,Yashasvi Jaiswal,14,1,625,124,48.08,382,163.61,1,5,82,26,8,0,14,0,0,0,0,0,0,0,0,0
2022.0,Yashasvi Jaiswal,10,0,258,68,25.8,194,132.99,0,2,28,10,2,0,10,1,6,0,0/6,0,36.00,0,0,0
2021.0,Yashasvi Jaiswal,10,0,249,50,24.9,168,148.21,0,1,32,10,3,0,10,0,0,0,0,0,0,0,0,0
2020.0,Yashasvi Jaiswal,3,0,40,34,13.33,44,90.9,0,0,2,2,1,0,3,0,0,0,0,0,0,0,0,0
2024.0,Yudhvir Singh,2,0,21,14,10.5,14,150.0,0,0,1,2,0,0,2,24,52,1,1/24,52.0,13.0,24.0,0,0
2023.0,Yudhvir Singh,3,0,1,1,0.5,2,50.0,0,0,0,0,0,0,3,48,70,3,2/19,23.33,8.75,16.0,0,0
