Players,Team,Type,Base,Sold
Hardik Pandya,MI,AR,-,16.35
Tilak Varma,MI,AR,-,8.00
Pat Cummins,SRH,AR,-,18.00
Abhishek Sharma,SRH,AR,-,14.00
Nitish Kumar Reddy,SRH,AR,-,6.00
Ravindra Jadeja,CSK,AR,-,18.00
Shivam Dube,CSK,AR,-,12.00
Axar Patel,DC,AR,-,16.50
Varun Chakravarthy,KKR,AR,-,12.00
Andre Russell,KKR,AR,-,12.00
Ramandeep Singh,KKR,AR,-,4.00
Yashasvi Jaiswal,RR,AR,-,18.00
Riyan Parag,RR,AR,-,14.00
Sai Sudharsan,GT,AR,-,8.50
Rahul Tewatia,GT,AR,-,4.00
M Shahrukh Khan,GT,AR,-,4.00
Ayush Badoni,LSG,AR,-,4.00
Shashank Singh,PBKS,AR,-,5.50
Liam Livingstone,RCB,AR,2.00,8.75
Ravichandran Ashwin,CSK,AR,2.00,9.75
Venkatesh Iyer,KKR,AR,2.00,23.75
Mitchell Marsh,LSG,AR,2.00,3.40
Glenn Maxwell,PBKS,AR,2.00,4.20
Harshal Patel,SRH,AR,2.00,8.00
Rachin Ravindra,CSK,AR,1.50,4.00
Marcus Stoinis,PBKS,AR,2.00,11.00
Harpreet Brar,PBKS,AR,0.30,1.50
Naman Dhir,MI,AR,0.30,5.25
Mahipal Lomror,GT,AR,0.50,1.70
Sameer Rizvi,DC,AR,0.30,0.95
Abdul Samad,LSG,AR,0.30,4.20
Vijay Shankar,CSK,AR,0.30,1.20
Ashutosh Sharma,DC,AR,0.30,3.80
Nishant Sindhu,GT,AR,0.30,0.30
Utkarsh Singh,-,AR,0.30,Unsold
Sam Curran,CSK,AR,2.00,2.40
Marco Jansen,PBKS,AR,1.25,7.00
Daryl Mitchell,-,AR,2.00,Unsold
Krunal Pandya,RCB,AR,2.00,5.75
Nitish Rana,RR,AR,1.50,4.20
Washington Sundar,GT,AR,2.00,3.20
Shardul Thakur,-,AR,2.00,Unsold
Mayank Dagar,-,AR,0.30,Unsold
Anshul Kamboj,CSK,AR,0.30,3.40
Arshad Khan,GT,AR,0.30,1.30
Darshan Nalkande,DC,AR,0.30,0.30
Suyash Prabhudessai,-,AR,0.30,TBA
Anukul Roy,KKR,AR,0.30,0.40
Swapnil Singh,RCB,AR,0.30,0.50
Sanvir Singh,-,AR,0.30,TBA
Shahbaz Ahmed,LSG,AR,1.00,2.40
Moeen Ali,KKR,AR,2.00,2.00
Tim David,RCB,AR,2.00,3.00
Deepak Hooda,CSK,AR,0.75,1.70
Will Jacks,MI,AR,2.00,5.25
Azmatullah Omarzai,PBKS,AR,1.50,2.40
Sai Kishore,GT,AR,0.75,2.00
Romario Shepherd,RCB,AR,1.50,1.50
Yudhvir Singh,RR,AR,0.30,0.35
Rishi Dhawan,-,AR,0.30,Unsold
Rajvardhan Hangargekar,LSG,AR,0.30,0.30
Tanush Kotian,-,AR,0.30,Unsold
Arshin Kulkarni,LSG,AR,0.30,0.30
Shams Mulani,-,AR,0.30,TBA
Shivam Singh,-,AR,0.30,Unsold
Lalit Yadav,-,AR,0.30,TBA
Gus Atkinson,-,AR,2.00,Unsold
Tom Curran,-,AR,2.00,TBA
Krishnappa Gowtham,-,AR,1.00,TBA
Mohammad Nabi,-,AR,1.50,TBA
Gulbadin Naib,-,AR,1.00,TBA
Sikandar Raza,-,AR,1.25,Unsold
Mitchell Santner,MI,AR,2.00,2.00
Jayant Yadav,GT,AR,0.75,0.75
Priyansh Arya,PBKS,AR,0.30,3.80
Manoj Bhandage,RCB,AR,0.30,0.30
Praveen Dubey,PBKS,AR,0.30,0.30
Ajay Mandal,DC,AR,0.30,0.30
Prerak Mankad,-,AR,0.30,TBA
Vipraj Nigam,DC,AR,0.30,0.50
Vicky Ostwal,-,AR,0.30,TBA
Shivalik Sharma,-,AR,0.30,Unsold
Sean Abbott,-,AR,2.00,TBA
Jacob Bethell,RCB,AR,1.25,2.60
Brydon Carse,SRH,AR,1.00,1.00
Aaron Hardie,PBKS,AR,1.25,1.25
Sarfaraz Khan,-,AR,0.75,Unsold
Kyle Mayers,-,AR,1.50,Unsold
Kamindu Mendis,SRH,AR,0.75,0.75
Matthew Short,-,AR,0.75,Unsold
Raj Bawa,MI,AR,0.30,0.30
Emanjot Singh Chahal,-,AR,0.30,Unsold
Musheer Khan,PBKS,AR,0.30,0.30
Manvanth Kumar,DC,AR,0.30,0.30
Mayank Rawat,-,AR,0.30,TBA
Suryansh Shedge,PBKS,AR,0.30,0.30
Hrithik Shokeen,-,AR,0.30,TBA
Sonu Yadav,-,AR,0.30,TBA
Qais Ahmad,-,AR,0.75,TBA
Charith Asalanka,-,AR,0.75,TBA
Michael Bracewell,-,AR,1.50,Unsold
Gudakesh Motie,-,AR,0.75,TBA
Dan Mousley,-,AR,0.75,TBA
Jamie Overton,CSK,AR,1.50,1.50
Dunith Wellalage,-,AR,0.75,TBA
Abdul Basith,-,AR,0.30,Unsold
KC Cariappa,-,AR,0.30,TBA
Yuvraj Chaudhary,LSG,AR,0.30,Unsold
Aman Khan,-,AR,0.30,TBA
Sumit Kumar,-,AR,0.30,TBA
Kamlesh Nagarkoti,CSK,AR,0.30,0.30
Hardik Raj,-,AR,0.30,TBA
Harsh Tyagi,-,AR,0.30,TBA
Cooper Connolly,-,AR,0.75,TBA
Dushan Hemantha,-,AR,0.75,TBA
Jason Holder,-,AR,2.00,TBA
Karim Janat,GT,AR,0.75,0.75
James Neesham,-,AR,1.50,TBA
Daniel Sams,-,AR,1.50,TBA
Will Sutherland,-,AR,0.75,TBA
Krish Bhagat,-,AR,0.30,TBA
Sohraab Dhaliwal,-,AR,0.30,TBA
Harsh Dubey,-,AR,0.30,TBA
Ramakrishna Ghosh,CSK,AR,0.30,0.30
Raj Limbani,-,AR,0.30,Unsold
Ninad Rathva,-,AR,0.30,TBA
Vivrant Sharma,-,AR,0.30,TBA
Shiva Singh,-,AR,0.30,Unsold
Zakary Foulkes,-,AR,0.75,TBA
Chris Green,-,AR,1.00,TBA
Shakib Al Hasan,-,AR,1.00,TBA
Mehidy Hasan Miraz,-,AR,1.00,TBA
Wiaan Mulder,-,AR,0.75,TBA
Dwaine Pretorius,-,AR,0.75,Unsold
Dasun Shanaka,-,AR,0.75,TBA
Lone Nasir,-,AR,0.30,TBA
Brandon McMullen,-,AR,0.30,Unsold
Sudhesan Midhun,-,AR,0.30,TBA
Abid Mushtaq,-,AR,0.30,TBA
Mahesh Pithiya,-,AR,0.30,TBA
Maramreddy Reddy,-,AR,0.30,TBA
Atit Sheth,-,AR,0.30,Unsold
Jonty Sidhu,-,AR,0.30,TBA
Ashton Agar,-,AR,1.25,TBA
Roston Chase,-,AR,0.75,Unsold
Junior Dala,-,AR,0.75,TBA
Mahedi Hasan,-,AR,0.75,TBA
Nangeyalia Kharote,-,AR,0.75,TBA
Dan Lawrence,-,AR,1.00,TBA
Nathan Smith,-,AR,1.00,Unsold
Kartik Chadha,-,AR,0.30,TBA
Writtick Chatterjee,-,AR,0.30,TBA
Prerit Dutta,-,AR,0.30,TBA
Rajneesh Gurbani,-,AR,0.30,TBA
Shubhang Hegde,-,AR,0.30,TBA
Saransh Jain,-,AR,0.30,TBA
Ripal Patel,-,AR,0.30,Unsold
Akash Vasisht,-,AR,0.30,TBA
Alick Athanaze,-,AR,0.75,TBA
Hilton Cartwright,-,AR,0.75,TBA
Dominic Drakes,-,AR,1.25,TBA
Matthew Forde,-,AR,1.25,TBA
Patrick Kruger,-,AR,0.75,TBA
Michael Neser,-,AR,0.75,TBA
Keemo Paul,-,AR,1.25,TBA
Odean Smith,-,AR,0.75,TBA
Ajay Ahlawat,-,AR,0.40,TBA
Corbin Bosch,-,AR,0.30,TBA
Mayank Gusain,-,AR,0.30,TBA
Mukhtar Hussain,-,AR,0.30,TBA
Girinath Reddy,-,AR,0.30,TBA
Jalaj Saxena,-,AR,0.40,TBA
Yajas Sharma,-,AR,0.30,TBA
Sanjay Yadav,-,AR,0.30,Unsold
Umang Kumar,-,AR,0.30,Unsold
Mohamed Ali,-,AR,0.30,TBA
Atharva Ankolekar,-,AR,0.30,TBA
Vaisakh Chandran,-,AR,0.30,TBA
Auqib Nabi,-,AR,0.30,TBA
Rohit Rayudu,-,AR,0.30,TBA
Uday Saharan,-,AR,0.30,TBA
Ayush Vartak,-,AR,0.30,TBA
Baba Aparajith,-,AR,0.30,TBA
Sumit Beniwal,-,AR,0.30,TBA
Nishunk Birla,-,AR,0.30,TBA
Digvijay Deshmukh,-,AR,0.30,Unsold
Lakshay Jain,-,AR,0.30,TBA
Duan Jansen,-,AR,0.30,TBA
Kritagya Singh,-,AR,0.30,TBA
P Vignesh,-,AR,0.30,TBA
Sabhay Chadha,-,AR,0.30,TBA
Benny Howell,-,AR,0.30,TBA
Hemanth Kumar,-,AR,0.30,TBA
Rohan Rana,-,AR,0.30,TBA
Bharat Sharma,-,AR,0.30,TBA
Pratham Singh,-,AR,0.30,TBA
Tripurana Vijay,DC,AR,0.30,0.30
Ravi Kumar Yadav,-,AR,0.30,TBA
Arjun Azad,-,AR,0.30,TBA
Abhay Choudhary,-,AR,0.30,TBA
Gaurav Gambhir,-,AR,0.30,TBA
Shubham Garhwal,-,AR,0.30,TBA
Tejasvi Jaiswal,-,AR,0.30,TBA
Sairaj Patil,-,AR,0.30,TBA
Madhav Tiwari,DC,AR,0.30,0.40
Kamal Tripathi,-,AR,0.30,TBA
Prashant Chauhan,-,AR,0.30,TBA
Yash Dabas,-,AR,0.30,Unsold
Dhruv Kaushik,-,AR,0.30,TBA
Khrievitso Kense,-,AR,0.30,Unsold
Akash Parkar,-,AR,0.30,TBA
Vignesh Puthur,MI,AR,0.30,0.30
Tripuresh Singh,-,AR,0.30,TBA
Vijay Yadav,-,AR,0.30,TBA
Daryl Mitchell,-,AR,2.00,Unsold
