players,type,year,sold_price
Virat Kohli,Batsman,2025,210000000.0
Rajat Patidar,Batsman,2025,110000000.0
Yash Dayal,Bowler,2025,50000000.0
Jasprit Bumrah,Bowler,2025,180000000.0
Suryakumar Yadav,Batsman,2025,163500000.0
Hardik Pandya,All-Rounder,2025,163500000.0
Rohit Sharma,Batsman,2025,163000000.0
Tilak Varma,All-Rounder,2025,80000000.0
Heinrich Klaasen,Batsman,2025,230000000.0
Pat Cummins,All-Rounder,2025,180000000.0
Abhishek Sharma,All-Rounder,2025,140000000.0
Travis Head,Batsman,2025,140000000.0
Nitish Kumar Reddy,All-Rounder,2025,60000000.0
Ruturaj Gaikwad,Batsman,2025,180000000.0
Ravindra Jadeja,All-Rounder,2025,180000000.0
Matheesha Pathirana,Bowler,2025,130000000.0
Shivam Dube,All-Rounder,2025,120000000.0
MS Dhoni,Batsman,2025,40000000.0
Axar Patel,All-Rounder,2025,165000000.0
Kuldeep Yadav,Bowler,2025,132500000.0
Tristan Stubbs,Batsman,2025,100000000.0
Abishek Porel,Batsman,2025,40000000.0
Rinku Singh,Batsman,2025,130000000.0
Varun Chakravarthy,All-Rounder,2025,120000000.0
Sunil Narine,Bowler,2025,120000000.0
Andre Russell,All-Rounder,2025,120000000.0
Harshit Rana,Bowler,2025,40000000.0
Ramandeep Singh,All-Rounder,2025,40000000.0
Sanju Samson,Batsman,2025,180000000.0
Yashasvi Jaiswal,All-Rounder,2025,180000000.0
Riyan Parag,All-Rounder,2025,140000000.0
Dhruv Jurel,Batsman,2025,140000000.0
Shimron Hetmyer,Batsman,2025,110000000.0
Sandeep Sharma,Bowler,2025,40000000.0
Rashid Khan,Bowler,2025,180000000.0
Shubman Gill,Batsman,2025,165000000.0
Sai Sudharsan,All-Rounder,2025,85000000.0
Rahul Tewatia,All-Rounder,2025,40000000.0
M Shahrukh Khan,All-Rounder,2025,40000000.0
Nicholas Pooran,Batsman,2025,210000000.0
Ravi Bishnoi,Bowler,2025,110000000.0
Mayank Yadav,Bowler,2025,110000000.0
Mohsin Khan,Bowler,2025,40000000.0
Ayush Badoni,All-Rounder,2025,40000000.0
Shashank Singh,All-Rounder,2025,55000000.0
Prabhsimran Singh,Batsman,2025,40000000.0
Jos Buttler,Batsman,2025,157500000.0
Shreyas Iyer,Batsman,2025,267500000.0
Rishabh Pant,Batsman,2025,270000000.0
Kagiso Rabada,Bowler,2025,107500000.0
Arshdeep Singh,Bowler,2025,180000000.0
Mitchell Starc,Bowler,2025,117500000.0
Yuzvendra Chahal,Bowler,2025,180000000.0
Liam Livingstone,All-Rounder,2025,87500000.0
David Miller,Batsman,2025,75000000.0
KL Rahul,Batsman,2025,140000000.0
Mohammed Shami,Bowler,2025,100000000.0
Mohammed Siraj,Bowler,2025,122500000.0
Harry Brook,Batsman,2025,62500000.0
Devon Conway,Batsman,2025,62500000.0
Jake Fraser-McGurk,Batsman,2025,90000000.0
Aiden Markram,Batsman,2025,20000000.0
Devdutt Padikkal,Batsman,2025,20000000.0
Rahul Tripathi,Batsman,2025,34000000.0
Ravichandran Ashwin,All-Rounder,2025,97500000.0
Venkatesh Iyer,All-Rounder,2025,237500000.0
Mitchell Marsh,All-Rounder,2025,34000000.0
Glenn Maxwell,All-Rounder,2025,42000000.0
Harshal Patel,All-Rounder,2025,80000000.0
Rachin Ravindra,All-Rounder,2025,40000000.0
Marcus Stoinis,All-Rounder,2025,110000000.0
Quinton de Kock,Batsman,2025,36000000.0
Rahmanullah Gurbaz,Batsman,2025,20000000.0
Ishan Kishan,Batsman,2025,112500000.0
Phil Salt,Batsman,2025,115000000.0
Jitesh Sharma,Batsman,2025,110000000.0
Khaleel Ahmed,Bowler,2025,48000000.0
Trent Boult,Bowler,2025,125000000.0
Josh Hazlewood,Bowler,2025,125000000.0
Avesh Khan,Bowler,2025,97500000.0
Prasidh Krishna,Bowler,2025,95000000.0
T Natarajan,Bowler,2025,107500000.0
Anrich Nortje,Bowler,2025,65000000.0
Noor Ahmad,Bowler,2025,100000000.0
Rahul Chahar,Bowler,2025,32000000.0
Wanindu Hasaranga,Bowler,2025,52500000.0
Maheesh Theekshana,Bowler,2025,44000000.0
Adam Zampa,Bowler,2025,24000000.0
Abhinav Manohar,Batsman,2025,32000000.0
Karun Nair,Batsman,2025,5000000.0
Angkrish Raghuvanshi,Batsman,2025,30000000.0
Atharva Taide,Batsman,2025,3000000.0
Nehal Wadhera,Batsman,2025,42000000.0
Harpreet Brar,All-Rounder,2025,15000000.0
Naman Dhir,All-Rounder,2025,52500000.0
Mahipal Lomror,All-Rounder,2025,17000000.0
Sameer Rizvi,All-Rounder,2025,9500000.0
Abdul Samad,All-Rounder,2025,42000000.0
Vijay Shankar,All-Rounder,2025,12000000.0
Ashutosh Sharma,All-Rounder,2025,38000000.0
Nishant Sindhu,All-Rounder,2025,3000000.0
Aryan Juyal,Batsman,2025,3000000.0
Kumar Kushagra,Batsman,2025,6500000.0
Robin Minz,Batsman,2025,6500000.0
Anuj Rawat,Batsman,2025,3000000.0
Luvnith Sisodia,Batsman,2025,3000000.0
Vishnu Vinod,Batsman,2025,9500000.0
Vaibhav Arora,Bowler,2025,18000000.0
Rasikh Salam,Bowler,2025,60000000.0
Akash Madhwal,Bowler,2025,12000000.0
Mohit Sharma,Bowler,2025,22000000.0
Simarjeet Singh,Bowler,2025,15000000.0
Yash Thakur,Bowler,2025,16000000.0
Vijaykumar Vyshak,Bowler,2025,18000000.0
Shreyas Gopal,Bowler,2025,3000000.0
Mayank Markande,Bowler,2025,3000000.0
Suyash Sharma,Bowler,2025,26000000.0
Karn Sharma,Bowler,2025,5000000.0
Kumar Kartikeya,Bowler,2025,3000000.0
Manav Suthar,Bowler,2025,3000000.0
Faf du Plessis,Batsman,2025,20000000.0
Glenn Phillips,Batsman,2025,20000000.0
Rovman Powell,Batsman,2025,15000000.0
Ajinkya Rahane,Batsman,2025,15000000.0
Sam Curran,All-Rounder,2025,24000000.0
Marco Jansen,All-Rounder,2025,70000000.0
Krunal Pandya,All-Rounder,2025,57500000.0
Nitish Rana,All-Rounder,2025,42000000.0
Washington Sundar,All-Rounder,2025,32000000.0
Donovan Ferreira,Batsman,2025,7500000.0
Josh Inglis,Batsman,2025,26000000.0
Ryan Rickelton,Batsman,2025,10000000.0
Deepak Chahar,Bowler,2025,92500000.0
Gerald Coetzee,Bowler,2025,24000000.0
Akash Deep,Bowler,2025,80000000.0
Tushar Deshpande,Bowler,2025,65000000.0
Lockie Ferguson,Bowler,2025,20000000.0
Bhuvneshwar Kumar,Bowler,2025,107500000.0
Mukesh Kumar,Bowler,2025,80000000.0
AM Ghazanfar,Bowler,2025,48000000.0
Swastik Chikara,Batsman,2025,3000000.0
Shubham Dubey,Batsman,2025,8000000.0
Shaik Rasheed,Batsman,2025,3000000.0
Himmat Singh,Batsman,2025,3000000.0
Anshul Kamboj,All-Rounder,2025,34000000.0
Arshad Khan,All-Rounder,2025,13000000.0
Darshan Nalkande,All-Rounder,2025,3000000.0
Anukul Roy,All-Rounder,2025,4000000.0
Swapnil Singh,All-Rounder,2025,5000000.0
Vansh Bedi,Batsman,2025,5500000.0
Kunal Singh Rathore,Batsman,2025,3000000.0
Gurnoor Brar,Bowler,2025,13000000.0
Mukesh Choudhary,Bowler,2025,3000000.0
Arjun Tendulkar,Bowler,2025,3000000.0
Zeeshan Ansari,Bowler,2025,4000000.0
Manimaran Siddharth,Bowler,2025,7500000.0
Digvesh Singh,Bowler,2025,3000000.0
Manish Pandey,Batsman,2025,7500000.0
Sherfane Rutherford,Batsman,2025,26000000.0
Shahbaz Ahmed,All-Rounder,2025,24000000.0
Moeen Ali,All-Rounder,2025,20000000.0
Tim David,All-Rounder,2025,30000000.0
Deepak Hooda,All-Rounder,2025,17000000.0
Will Jacks,All-Rounder,2025,52500000.0
Azmatullah Omarzai,All-Rounder,2025,24000000.0
Sai Kishore,All-Rounder,2025,20000000.0
Romario Shepherd,All-Rounder,2025,15000000.0
Spencer Johnson,Bowler,2025,28000000.0
Umran Malik,Bowler,2025,7500000.0
Ishant Sharma,Bowler,2025,7500000.0
Nuwan Thushara,Bowler,2025,16000000.0
Jaydev Unadkat,Bowler,2025,10000000.0
Sachin Baby,Batsman,2025,3000000.0
Harnoor Singh,Batsman,2025,3000000.0
C Andre Siddarth,Batsman,2025,3000000.0
Yudhvir Singh,All-Rounder,2025,3500000.0
Rajvardhan Hangargekar,All-Rounder,2025,3000000.0
Arshin Kulkarni,All-Rounder,2025,3000000.0
Ashwani Kumar,Bowler,2025,3000000.0
Akash Singh,Bowler,2025,3000000.0
Gurjapneet Singh,Bowler,2025,22000000.0
Matthew Breetzke,Batsman,2025,7500000.0
Mitchell Santner,All-Rounder,2025,20000000.0
Jayant Yadav,All-Rounder,2025,7500000.0
Fazalhaq Farooqi,Bowler,2025,20000000.0
Kwena Maphaka,Bowler,2025,15000000.0
Kuldeep Sen,Bowler,2025,8000000.0
Reece Topley,Bowler,2025,7500000.0
Lizaad Williams,Bowler,2025,7500000.0
Priyansh Arya,All-Rounder,2025,38000000.0
Manoj Bhandage,All-Rounder,2025,3000000.0
Praveen Dubey,All-Rounder,2025,3000000.0
Ajay Mandal,All-Rounder,2025,3000000.0
Vipraj Nigam,All-Rounder,2025,5000000.0
Krishnan Shrijith,Batsman,2025,3000000.0
Mohit Rathee,Bowler,2025,3000000.0
Jacob Bethell,All-Rounder,2025,26000000.0
Brydon Carse,All-Rounder,2025,10000000.0
Aaron Hardie,All-Rounder,2025,12500000.0
Kamindu Mendis,All-Rounder,2025,7500000.0
Dushmantha Chameera,Bowler,2025,7500000.0
Nathan Ellis,Bowler,2025,20000000.0
Shamar Joseph,Bowler,2025,7500000.0
Aniket Verma,Batsman,2025,3000000.0
Raj Bawa,All-Rounder,2025,3000000.0
Musheer Khan,All-Rounder,2025,3000000.0
Manvanth Kumar,All-Rounder,2025,3000000.0
Suryansh Shedge,All-Rounder,2025,3000000.0
Kulwant Khejroliya,Bowler,2025,3000000.0
Prince Yadav,Bowler,2025,3000000.0
Jamie Overton,All-Rounder,2025,15000000.0
Xavier Bartlett,Bowler,2025,8000000.0
Lungi Ngidi,Bowler,2025,10000000.0
Kamlesh Nagarkoti,All-Rounder,2025,3000000.0
Abhinandan Singh,Bowler,2025,3000000.0
Karim Janat,All-Rounder,2025,7500000.0
Pyla Avinash,Batsman,2025,3000000.0
Ramakrishna Ghosh,All-Rounder,2025,3000000.0
Satyanarayana Raju,Bowler,2025,3000000.0
Bevon Jacobs,Batsman,2025,3000000.0
Ashok Sharma,Bowler,2025,3000000.0
Vaibhav Suryavanshi,Batsman,2025,11000000.0
Eshan Malinga,Bowler,2025,12000000.0
Tripurana Vijay,All-Rounder,2025,3000000.0
Madhav Tiwari,All-Rounder,2025,4000000.0
Vignesh Puthur,All-Rounder,2025,3000000.0
Jofra Archer,Bowler,2025,125000000.0
Avanish Rao Aravelly,Wicket-Keeper,2024,2000000
Mustafizur Rahman,Bowler,2024,20000000
Daryl Mitchell,All-Rounder,2024,140000000
Sameer Rizvi,Batsman,2024,84000000
Rachin Ravindra,All-Rounder,2024,18000000
Shardul Thakur,All-Rounder,2024,40000000
Ricky Bhui,Wicket-Keeper,2024,2000000
Sumit Kumar,All-Rounder,2024,10000000
Swastik Chhikara,Batsman,2024,2000000
Jhye Richardson,Bowler,2024,50000000
Shai Hope,Wicket-Keeper,2024,7500000
Rasikh Dar,Bowler,2024,2000000
Kumar Kushagra,Wicket-Keeper,2024,72000000
Tristan Stubbs,Wicket-Keeper,2024,5000000
Harry Brook,Batsman,2024,40000000
Kartik Tyagi,Bowler,2024,6000000
Spencer Johnson,Bowler,2024,100000000
Manav Suthar,Bowler,2024,2000000
Robin Minz,Wicket-Keeper,2024,36000000
Sushant Mishra,Bowler,2024,22000000
Azmatullah Omarzai,All-Rounder,2024,5000000
Shahrukh Khan,All-Rounder,2024,74000000
Umesh Yadav,Bowler,2024,58000000
Mujeeb Rahman,Bowler,2024,20000000
Manish Pandey,Batsman,2024,5000000
Gus Atkinson,Bowler,2024,10000000
Angkrish Raghuvanshi,Batsman,2024,2000000
Mitchell Starc,Bowler,2024,247500000
Sherfane Rutherford,Batsman,2024,15000000
Ramandeep Singh,All-Rounder,2024,2000000
K.S. Bharat,Wicket-Keeper,2024,5000000
Chetan Sakariya,Bowler,2024,5000000
Sakib Hussain,Bowler,2024,2000000
Ashton Turner,Batsman,2024,10000000
David Willey,All-Rounder,2024,20000000
M. Siddharth,Bowler,2024,24000000
Shivam Mavi,Bowler,2024,64000000
Arshin Kulkarni,All-Rounder,2024,2000000
Mohd. Arshad Khan,All-Rounder,2024,2000000
Dilshan Madushanka,Bowler,2024,46000000
Shreyas Gopal,Bowler,2024,2000000
Shivalik Sharma,All-Rounder,2024,2000000
Anshul Kamboj,All-Rounder,2024,2000000
Mohammad Nabi,All-Rounder,2024,15000000
Naman Dhir,All-Rounder,2024,2000000
Nuwan Thushara,Bowler,2024,48000000
Gerald Coetzee,All-Rounder,2024,50000000
Chris Woakes,All-Rounder,2024,42000000
Tanay Thyagarajann,All-Rounder,2024,2000000
Vishwanath Pratap Singh,All-Rounder,2024,2000000
Ashutosh Sharma,All-Rounder,2024,2000000
Shashank Singh,Batsman,2024,2000000
Rilee Rossouw,Batsman,2024,80000000
Prince Choudhary,Bowler,2024,2000000
Harshal Patel,All-Rounder,2024,117500000
Shubham Dubey,Batsman,2024,58000000
Rovman Powell,Batsman,2024,74000000
Abid Mushtaq,All-Rounder,2024,2000000
Nandre Burger,Bowler,2024,5000000
Tom Kohler-Cadmore,Wicket-Keeper,2024,4000000
Lockie Ferguson,Bowler,2024,20000000
Tom Curran,All-Rounder,2024,15000000
Saurav Chuahan,Batsman,2024,2000000
Alzarri Joseph,Bowler,2024,115000000
Swapnil Singh,All-Rounder,2024,2000000
Yash Dayal,Bowler,2024,50000000
Jhathavedh Subramanyan,Bowler,2024,2000000
Akash Singh,Bowler,2024,2000000
Jaydev Unadkat,Bowler,2024,16000000
Wanindu Hasaranga,All-Rounder,2024,15000000
Pat Cummins,All-Rounder,2024,205000000
Travis Head,Batsman,2024,68000000
Ben Stokes,All-Rounder,2023,162500000.0
Ravindra Jadeja,All-Rounder,2023,160000000.0
Deepak Chahar,Bowler,2023,140000000.0
MS Dhoni,Wicket-Keeper,2023,120000000.0
Moeen Ali,All-Rounder,2023,80000000.0
Ambati Rayudu,Batsman,2023,67500000.0
Ruturaj Gaikwad,Batsman,2023,60000000.0
Shivam Dube,All-Rounder,2023,40000000.0
Mitchell Santner,All-Rounder,2023,19000000.0
Rajvardhan Hangargekar,Bowler,2023,15000000.0
Prashant Solanki,Bowler,2023,12000000.0
Kyle Jamieson,Bowler,2023,10000000.0
Devon Conway,Batsman,2023,10000000.0
Maheesh Theekshana,Bowler,2023,7000000.0
Nishant Sindhu,All-Rounder,2023,6000000.0
Ajinkya Rahane,Batsman,2023,5000000.0
Dwaine Pretorius,All-Rounder,2023,5000000.0
Matheesha Pathirana,Bowler,2023,2000000.0
Mukesh Choudhary,Bowler,2023,2000000.0
Shaik Rasheed,Batsman,2023,2000000.0
Simarjeet Singh,Bowler,2023,2000000.0
Subhranshu Senapati,Batsman,2023,2000000.0
Bhagath Varma,All-Rounder,2023,2000000.0
Ajay Mandal,All-Rounder,2023,2000000.0
Tushar Deshpande,Bowler,2023,2000000.0
Rishabh Pant,Wicket-Keeper,2023,160000000.0
Axar Patel,All-Rounder,2023,120000000.0
Prithvi Shaw,Batsman,2023,80000000.0
Mitchell Marsh,All-Rounder,2023,65000000.0
Anrich Nortje,Bowler,2023,65000000.0
David Warner,Batsman,2023,62500000.0
Mukesh Kumar,Bowler,2023,55000000.0
Khaleel Ahmed,Bowler,2023,52500000.0
Rilee Rossouw,Batsman,2023,46000000.0
Chetan Sakariya,Bowler,2023,42000000.0
Rovman Powell,Batsman,2023,28000000.0
Manish Pandey,Batsman,2023,24000000.0
Mustafizur Rahman,Bowler,2023,20000000.0
Kuldeep Yadav,Bowler,2023,20000000.0
Philip Salt,Wicket-Keeper,2023,20000000.0
Kamlesh Nagarkoti,Bowler,2023,11000000.0
Lalit Yadav,All-Rounder,2023,6500000.0
Ishant Sharma,Bowler,2023,5000000.0
Lungi Ngidi,Bowler,2023,5000000.0
Pravin Dubey,Bowler,2023,5000000.0
Yash Dhull,Batsman,2023,5000000.0
Ripal Patel,Batsman,2023,2000000.0
Aman Khan,All-Rounder,2023,2000000.0
Vicky Ostwal,Bowler,2023,2000000.0
Sarfaraz Khan,Batsman,2023,2000000.0
Hardik Pandya,All-Rounder,2023,150000000.0
Rashid Khan,Bowler,2023,150000000.0
Rahul Tewatia,All-Rounder,2023,90000000.0
Shubman Gill,Batsman,2023,80000000.0
Mohammad Shami,Bowler,2023,62500000.0
Shivam Mavi,Bowler,2023,60000000.0
Josh Little,Bowler,2023,44000000.0
Yash Dayal,Bowler,2023,32000000.0
Sai Kishore,All-Rounder,2023,30000000.0
David Miller,Batsman,2023,30000000.0
Abhinav Manohar,Batsman,2023,26000000.0
Alzarri Joseph,Bowler,2023,24000000.0
Matthew Wade,Wicket-Keeper,2023,24000000.0
Kane Williamson,Batsman,2023,20000000.0
Wriddhiman Saha,Wicket-Keeper,2023,19000000.0
Jayant Yadav,Bowler,2023,17000000.0
Vijay Shankar,All-Rounder,2023,14000000.0
Srikar Bharat,Wicket-Keeper,2023,12000000.0
Mohit Sharma,Bowler,2023,5000000.0
Odean Smith,All-Rounder,2023,5000000.0
Noor Ahmad,Bowler,2023,3000000.0
Darshan Nalkande,Bowler,2023,2000000.0
Urvil Patel,Wicket-Keeper,2023,2000000.0
Sai Sudharsan,Batsman,2023,2000000.0
Pradeep Sangwan,Bowler,2023,2000000.0
Andre Russell,All-Rounder,2023,160000000.0
Shreyas Iyer,Batsman,2023,122500000.0
Varun Chakaravarthy,Bowler,2023,120000000.0
Shardul Thakur,Bowler,2023,107500000.0
Lockie Ferguson,Bowler,2023,100000000.0
Venkatesh Iyer,All-Rounder,2023,80000000.0
Nitish Rana,Batsman,2023,80000000.0
Sunil Narine,All-Rounder,2023,60000000.0
Umesh Yadav,Bowler,2023,20000000.0
Shakib Al Hasan,All-Rounder,2023,15000000.0
Tim Southee,Bowler,2023,15000000.0
David Wiese,All-Rounder,2023,10000000.0
Narayan Jagadeesan,Wicket-Keeper,2023,9000000.0
Vaibhav Arora,Bowler,2023,6000000.0
Rinku Singh,Batsman,2023,5500000.0
Mandeep Singh,Batsman,2023,5000000.0
Litton Das,Wicket-Keeper,2023,5000000.0
Rahmanullah Gurbaz,Wicket-Keeper,2023,5000000.0
Suyash Sharma,Bowler,2023,2000000.0
Harshit Rana,Bowler,2023,2000000.0
Anukul Roy,All-Rounder,2023,2000000.0
Kulwant Khejroliya,Bowler,2023,2000000.0
KL Rahul,Batsman,2023,170000000.0
Nicholas Pooran,Wicket-Keeper,2023,160000000.0
Avesh Khan,Bowler,2023,100000000.0
Marcus Stoinis,All-Rounder,2023,100000000.0
Krunal Pandya,All-Rounder,2023,82500000.0
Mark Wood,Bowler,2023,75000000.0
Quinton de Kock,Wicket-Keeper,2023,67500000.0
Deepak Hooda,All-Rounder,2023,57500000.0
Ravi Bishnoi,Bowler,2023,40000000.0
Krishnappa Gowtham,All-Rounder,2023,9000000.0
Daniel Sams,All-Rounder,2023,7500000.0
Amit Mishra,Bowler,2023,5000000.0
Jaydev Unadkat,Bowler,2023,5000000.0
Kyle Mayers,Batsman,2023,5000000.0
Naveen-ul-Haq,Bowler,2023,5000000.0
Romario Shepherd,All-Rounder,2023,5000000.0
Yash Thakur,Bowler,2023,4500000.0
Mohsin Khan,Bowler,2023,2000000.0
Ayush Badoni,Batsman,2023,2000000.0
Karan Sharma,All-Rounder,2023,2000000.0
Yudhvir Singh,All-Rounder,2023,2000000.0
Mayank Yadav,Bowler,2023,2000000.0
Prerak Mankad,All-Rounder,2023,2000000.0
Swapnil Singh,All-Rounder,2023,2000000.0
Manan Vohra,Batsman,2023,2000000.0
Cameron Green,All-Rounder,2023,175000000.0
Rohit Sharma,Batsman,2023,160000000.0
Ishan Kishan,Wicket-Keeper,2023,152500000.0
Jasprit Bumrah,Bowler,2023,120000000.0
Tim David,Batsman,2023,82500000.0
Jofra Archer,Bowler,2023,80000000.0
Suryakumar Yadav,Batsman,2023,80000000.0
Dewald Brevis,All-Rounder,2023,30000000.0
Tilak Varma,Batsman,2023,17000000.0
Jhye Richardson,Bowler,2023,15000000.0
Jason Behrendorff,Bowler,2023,7500000.0
Piyush Chawla,Bowler,2023,5000000.0
Arjun Tendulkar,Bowler,2023,3000000.0
Kumar Kartikeya,Bowler,2023,2000000.0
Duan Jansen,Bowler,2023,2000000.0
Arshad Khan,Bowler,2023,2000000.0
Hrithik Shokeen,Bowler,2023,2000000.0
Akash Madhwal,Bowler,2023,2000000.0
Raghav Goyal,Bowler,2023,2000000.0
Tristan Stubbs,Batsman,2023,2000000.0
Nehal Wadhera,All-Rounder,2023,2000000.0
Shams Mulani,All-Rounder,2023,2000000.0
Ramandeep Singh,Batsman,2023,2000000.0
Vishnu Vinod,Wicket-Keeper,2023,2000000.0
Sam Curran,All-Rounder,2023,185000000.0
Liam Livingstone,All-Rounder,2023,115000000.0
Kagiso Rabada,Bowler,2023,92500000.0
Shahrukh Khan,Batsman,2023,90000000.0
Shikhar Dhawan,Batsman,2023,82500000.0
Jonny Bairstow,Wicket-Keeper,2023,67500000.0
Rahul Chahar,Bowler,2023,52500000.0
Arshdeep Singh,Bowler,2023,40000000.0
Harpreet Brar,Bowler,2023,38000000.0
Raj Bawa,All-Rounder,2023,20000000.0
Nathan Ellis,Bowler,2023,7500000.0
Prabhsimran Singh,Wicket-Keeper,2023,6000000.0
Rishi Dhawan,All-Rounder,2023,5500000.0
Sikandar Raza,All-Rounder,2023,5000000.0
Bhanuka Rajapaksa,Batsman,2023,5000000.0
Harpreet Singh Bhatia,Batsman,2023,4000000.0
Atharva Taide,Batsman,2023,2000000.0
Mohit Rathee,All-Rounder,2023,2000000.0
Shivam Singh,All-Rounder,2023,2000000.0
Vidhwath Kaverappa,Bowler,2023,2000000.0
Jitesh Sharma,Wicket-Keeper,2023,2000000.0
Baltej Singh,Bowler,2023,2000000.0
Virat Kohli,Batsman,2023,150000000.0
Glenn Maxwell,All-Rounder,2023,110000000.0
Harshal Patel,Bowler,2023,107500000.0
Wanindu Hasaranga,All-Rounder,2023,107500000.0
Josh Hazlewood,Bowler,2023,77500000.0
Faf du Plessis,Batsman,2023,70000000.0
Mohammed Siraj,Bowler,2023,70000000.0
Dinesh Karthik,Wicket-Keeper,2023,55000000.0
Anuj Rawat,Wicket-Keeper,2023,34000000.0
Will Jacks,Batsman,2023,32000000.0
Shahbaz Ahmed,All-Rounder,2023,24000000.0
David Willey,Bowler,2023,20000000.0
Reece Topley,Bowler,2023,19000000.0
Mahipal Lomror,All-Rounder,2023,9500000.0
Finn Allen,Batsman,2023,8000000.0
Siddarth Kaul,Bowler,2023,7500000.0
Rajan Kumar,Bowler,2023,7000000.0
Avinash Singh,Bowler,2023,6000000.0
Karn Sharma,Bowler,2023,5000000.0
Suyash Prabhudessai,Batsman,2023,3000000.0
Sonu Yadav,All-Rounder,2023,2000000.0
Manoj Bhandage,All-Rounder,2023,2000000.0
Akash Deep,Bowler,2023,2000000.0
Himanshu Sharma,Bowler,2023,2000000.0
Rajat Patidar,Batsman,2023,2000000.0
Sanju Samson,Wicket-Keeper,2023,140000000.0
Prasidh Krishna,Bowler,2023,100000000.0
Jos Buttler,Wicket-Keeper,2023,100000000.0
Shimron Hetmyer,Batsman,2023,85000000.0
Trent Boult,Bowler,2023,80000000.0
Devdutt Padikkal,Batsman,2023,77500000.0
Yuzvendra Chahal,Bowler,2023,65000000.0
Jason Holder,All-Rounder,2023,57500000.0
Ravichandran Ashwin,All-Rounder,2023,50000000.0
Yashasvi Jaiswal,Batsman,2023,40000000.0
Riyan Parag,Batsman,2023,38000000.0
Navdeep Saini,Bowler,2023,26000000.0
Adam Zampa,Bowler,2023,15000000.0
Joe Root,Batsman,2023,10000000.0
Obed McCoy,Bowler,2023,7500000.0
D Ferreira,Wicket-Keeper,2023,5000000.0
KM Asif,Bowler,2023,3000000.0
KC Cariappa,Bowler,2023,3000000.0
Kuldeep Sen,Bowler,2023,2000000.0
Dhruv Jurel,Wicket-Keeper,2023,2000000.0
Kunal Singh Rathore,Wicket-Keeper,2023,2000000.0
Abdul Basith,All-Rounder,2023,2000000.0
Akash Vasisht,All-Rounder,2023,2000000.0
Murugan Ashwin,Bowler,2023,2000000.0
Kuldip Yadav,Bowler,2023,2000000.0
Harry Brook,Batsman,2023,132500000.0
Washington Sundar,All-Rounder,2023,87500000.0
Rahul Tripathi,Batsman,2023,85000000.0
Mayank Agarwal,Batsman,2023,82500000.0
Abhishek Sharma,All-Rounder,2023,65000000.0
Heinrich Klaasen,Wicket-Keeper,2023,52500000.0
Bhuvneshwar Kumar,Bowler,2023,42000000.0
Marco Jansen,Bowler,2023,42000000.0
Abdul Samad,Batsman,2023,40000000.0
Umran Malik,Bowler,2023,40000000.0
T Natarajan,Bowler,2023,40000000.0
Kartik Tyagi,Bowler,2023,40000000.0
Aiden Markram,Batsman,2023,26000000.0
Vivrant Sharma,All-Rounder,2023,26000000.0
Adil Rashid,Bowler,2023,20000000.0
Mayank Dagar,All-Rounder,2023,18000000.0
Glenn Phillips,Wicket-Keeper,2023,15000000.0
Akeal Hosein,Bowler,2023,10000000.0
Mayank Markande,Bowler,2023,5000000.0
Fazalhaq Farooqi,Bowler,2023,5000000.0
Upendra Yadav,Wicket-Keeper,2023,2500000.0
Sanvir Singh,All-Rounder,2023,2000000.0
Samarth Vyas,All-Rounder,2023,2000000.0
Nitish Kumar Reddy,Wicket-Keeper,2023,2000000.0
Anmolpreet Singh,Batsman,2023,2000000.0
Robin Uthappa,Batsman,2022,20000000
Dwayne Bravo,All-Rounder,2022,44000000
Ambati Rayudu,Wicket-Keeper,2022,67500000
Deepak Chahar,Bowler,2022,140000000
C.Hari Nishaanth,Batsman,2022,2000000
N. Jagadeesan,Wicket-Keeper,2022,2000000
K.M. Asif,Bowler,2022,2000000
Tushar Deshpande,Bowler,2022,2000000
Shivam Dube,All-Rounder,2022,40000000
Chris Jordan,All-Rounder,2022,36000000
Maheesh Theekshana,Bowler,2022,7000000
Rajvardhan Hangargekar,All-Rounder,2022,15000000
Simarjeet Singh,Bowler,2022,2000000
Devon Conway,Batsman,2022,10000000
Dwaine Pretorius,All-Rounder,2022,5000000
Mitchell Santner,All-Rounder,2022,19000000
Adam Milne,Bowler,2022,19000000
Subhranshu Senapati,Batsman,2022,2000000
Mukesh Choudhary,Bowler,2022,2000000
Prashant Solanki,Bowler,2022,12000000
K.Bhagath Varma,All-Rounder,2022,2000000
David Warner,Batsman,2022,62500000
Mitchell Marsh,All-Rounder,2022,65000000
Mustafizur Rahman,Bowler,2022,20000000
Shardul Thakur,Bowler,2022,107500000
Kuldeep Yadav,Bowler,2022,20000000
Ashwin Hebbar,Batsman,2022,2000000
Sarfaraz Khan,All-Rounder,2022,2000000
Kamlesh Nagarkoti,All-Rounder,2022,11000000
K.S. Bharat,Wicket-Keeper,2022,20000000
Mandeep Singh,Batsman,2022,11000000
Syed Khaleel Ahmed,Bowler,2022,52500000
Lungisani Ngidi,Bowler,2022,5000000
Chetan Sakariya,Bowler,2022,42000000
Yash Dhull,All-Rounder,2022,5000000
Vicky Ostwal,All-Rounder,2022,2000000
Ripal Patel,All-Rounder,2022,2000000
Lalit Yadav,All-Rounder,2022,6500000
Rovman Powell,Batsman,2022,28000000
Tim Seifert,Wicket-Keeper,2022,5000000
Pravin Dubey,All-Rounder,2022,5000000
Mohammad Shami,Bowler,2022,62500000
David Miller,Batsman,2022,30000000
Jason Roy,Batsman,2022,20000000
Wriddhiman Saha,Wicket-Keeper,2022,19000000
Matthew Wade,Wicket-Keeper,2022,24000000
Lockie Ferguson,Bowler,2022,100000000
Abhinav Sadarangani,Batsman,2022,26000000
Rahul Tewatia,All-Rounder,2022,90000000
Noor Ahmad,Bowler,2022,3000000
R. Sai Kishore,Bowler,2022,30000000
Dominic Drakes,All-Rounder,2022,11000000
Vijay Shankar,All-Rounder,2022,14000000
Jayant Yadav,All-Rounder,2022,17000000
Darshan Nalkande,All-Rounder,2022,2000000
Yash Dayal,Bowler,2022,32000000
B. Sai Sudharsan,All-Rounder,2022,2000000
Gurkeerat Singh,All-Rounder,2022,5000000
Alzarri Joseph,Bowler,2022,24000000
Varun Aaron,Bowler,2022,5000000
Pradeep Sangwan,All-Rounder,2022,2000000
Pat Cummins,All-Rounder,2022,72500000
Shreyas Iyer,Batsman,2022,122500000
Mohammad Nabi,All-Rounder,2022,10000000
Nitish Rana,All-Rounder,2022,80000000
Sam Billings,Wicket-Keeper,2022,20000000
Umesh Yadav,Bowler,2022,20000000
Shivam Mavi,All-Rounder,2022,72500000
Sheldon Jackson,Wicket-Keeper,2022,6000000
Ajinkya Rahane,Batsman,2022,10000000
Rinku Singh,Batsman,2022,5500000
Anukul Roy,All-Rounder,2022,2000000
Alex Hales,Batsman,2022,15000000
Rasikh Dar,Bowler,2022,2000000
Tim Southee,Bowler,2022,15000000
Baba Indrajith,Wicket-Keeper,2022,2000000
Chamika Karunaratne,All-Rounder,2022,5000000
Abhijeet Tomar,Batsman,2022,4000000
Aman Khan,All-Rounder,2022,2000000
Ramesh Kumar,Batsman,2022,2000000
Pratham Singh,Batsman,2022,2000000
Ashok Sharma,Bowler,2022,5500000
Quinton De Kock,Wicket-Keeper,2022,67500000
Manish Pandey,Batsman,2022,46000000
Jason Holder,All-Rounder,2022,87500000
Deepak Hooda,All-Rounder,2022,57500000
Krunal Pandya,All-Rounder,2022,82500000
Mark Wood,Bowler,2022,75000000
Avesh Khan,Bowler,2022,100000000
Ankit Singh Rajpoot,Bowler,2022,5000000
K. Gowtham,All-Rounder,2022,9000000
Dushmanta Chameera,Bowler,2022,20000000
Shahbaz Nadeem,Bowler,2022,5000000
Manan Vohra,Batsman,2022,2000000
Evin Lewis,Batsman,2022,20000000
Mohsin Khan,Bowler,2022,2000000
Mayank Yadav,Bowler,2022,2000000
Ayush Badoni,All-Rounder,2022,2000000
Kyle Mayers,All-Rounder,2022,5000000
Karan Sharma,All-Rounder,2022,2000000
Ishan Kishan,Wicket-Keeper,2022,152500000
Dewald Brevis,Batsman,2022,30000000
Anmolpreet Singh,Batsman,2022,2000000
Basil Thampi,Bowler,2022,3000000
Murugan Ashwin,Bowler,2022,16000000
Jaydev Unadkat,Bowler,2022,13000000
Mayank Markande,Bowler,2022,6500000
N. Tilak Varma,All-Rounder,2022,17000000
Sanjay Yadav,All-Rounder,2022,5000000
Jofra Archer,All-Rounder,2022,80000000
Daniel Sams,All-Rounder,2022,26000000
Tymal Mills,Bowler,2022,15000000
Tim David,All-Rounder,2022,82500000
Ramandeep Singh,All-Rounder,2022,2000000
Aryan Juyal,Wicket-Keeper,2022,2000000
Fabian Allen,All-Rounder,2022,7500000
Riley Meredith,Bowler,2022,10000000
Rahul Buddhi,Batsman,2022,2000000
Hrithik Shokeen,All-Rounder,2022,2000000
Mohd. Arshad Khan,All-Rounder,2022,2000000
Arjun Tendulkar,All-Rounder,2022,3000000
Shikhar Dhawan,Batsman,2022,82500000
Kagiso Rabada,Bowler,2022,92500000
Jonny Bairstow,Wicket-Keeper,2022,67500000
Rahul Chahar,Bowler,2022,52500000
Harpreet Brar,All-Rounder,2022,38000000
Shahrukh Khan,All-Rounder,2022,90000000
Jitesh Sharma,Wicket-Keeper,2022,2000000
Prabhsimran Singh,Wicket-Keeper,2022,6000000
Ishan Porel,Bowler,2022,2500000
Liam Livingstone,All-Rounder,2022,115000000
Odean Smith,All-Rounder,2022,60000000
Sandeep Sharma,Bowler,2022,5000000
Raj Angad Bawa,All-Rounder,2022,20000000
Rishi Dhawan,All-Rounder,2022,5500000
Nathan Ellis,Bowler,2022,7500000
Prerak Mankad,All-Rounder,2022,2000000
Atharva Taide,All-Rounder,2022,2000000
Vaibhav Arora,Bowler,2022,20000000
Bhanuka Rajapaksa,Batsman,2022,5000000
Benny Howell,All-Rounder,2022,4000000
Writtick Chatterjee,All-Rounder,2022,2000000
Baltej Dhanda,Bowler,2022,2000000
Ansh Patel,All-Rounder,2022,2000000
R. Ashwin,All-Rounder,2022,50000000
Trent Boult,Bowler,2022,80000000
Shimron Hetmyer,Batsman,2022,85000000
Devdutt Padikkal,Batsman,2022,77500000
Prasidh Krishna,Bowler,2022,100000000
Yuzvendra Chahal,Bowler,2022,65000000
Riyan Parag,All-Rounder,2022,38000000
K.C Cariappa,Bowler,2022,3000000
James Neesham,All-Rounder,2022,15000000
Nathan Coulter-Nile,Bowler,2022,20000000
Navdeep Saini,Bowler,2022,26000000
Kuldeep Sen,Bowler,2022,2000000
Karun Nair,Batsman,2022,14000000
Rassie Van Der Dussen,Batsman,2022,10000000
Daryl Mitchell,All-Rounder,2022,7500000
Obed Mccoy,Bowler,2022,7500000
Dhruv Jurel,Wicket-Keeper,2022,2000000
Tejas Baroka,Bowler,2022,2000000
Kuldip Yadav,Bowler,2022,2000000
Shubham Garhwal,All-Rounder,2022,2000000
Anunay Singh,All-Rounder,2022,2000000
Faf Du Plessis,Batsman,2022,70000000
Wanindu Hasaranga,All-Rounder,2022,107500000
Harshal Patel,All-Rounder,2022,107500000
Dinesh Karthik,Wicket-Keeper,2022,55000000
Josh Hazlewood,Bowler,2022,77500000
Shahbaz Ahamad,All-Rounder,2022,24000000
Anuj Rawat,Wicket-Keeper,2022,34000000
Akash Deep,Bowler,2022,2000000
Karn Sharma,Bowler,2022,5000000
Mahipal Lomror,All-Rounder,2022,9500000
Finn Allen,Batsman,2022,8000000
Sherfane Rutherford,All-Rounder,2022,10000000
Jason Behrendorff,Bowler,2022,7500000
Siddharth Kaul,Bowler,2022,7500000
Suyash Prabhudessai,All-Rounder,2022,3000000
Luvnith Sisodia,Wicket-Keeper,2022,2000000
Chama Milind,Bowler,2022,2500000
Aneeshwar Gautam,All-Rounder,2022,2000000
David Willey,All-Rounder,2022,20000000
Washington Sundar,All-Rounder,2022,87500000
Nicholas Pooran,Wicket-Keeper,2022,107500000
Bhuvneshwar Kumar,Bowler,2022,42000000
T. Natarajan,Bowler,2022,40000000
Priyam Garg,Batsman,2022,2000000
Rahul Tripathi,Batsman,2022,85000000
Abhishek Sharma,All-Rounder,2022,65000000
Vishnu Vinod,Wicket-Keeper,2022,5000000
Kartik Tyagi,Bowler,2022,40000000
Shreyas Gopal,Bowler,2022,7500000
Jagadeesha Suchith,Bowler,2022,2000000
Aiden Markram,Batsman,2022,26000000
Marco Jansen,All-Rounder,2022,42000000
Romario Shepherd,All-Rounder,2022,77500000
Glenn Phillips,Wicket-Keeper,2022,15000000
Fazalhaq Farooqi,Bowler,2022,5000000
Sean Abbott,Bowler,2022,24000000
R Samarth,Batsman,2022,2000000
Shashank Singh,All-Rounder,2022,2000000
Saurabh Dubey,Bowler,2022,2000000
Krishnappa Gowtham,All-Rounder,2021,92500000
Moeen Ali,All-Rounder,2021,70000000
Cheteshwar Pujara,Batsman,2021,5000000
K.Bhagath Varma,All-Rounder,2021,2000000
C Hari Nishaanth,Batsman,2021,2000000
M. Harisankar Reddy,Bowler,2021,2000000
Tom Curran,All-Rounder,2021,52500000
Steven Smith,Batsman,2021,22000000
Sam Billings,Wicket-Keeper,2021,20000000
Umesh Yadav,Bowler,2021,10000000
Ripal Patel,All-Rounder,2021,2000000
Vishnu Vinod,Wicket-Keeper,2021,2000000
Lukman Hussain Meriwala,Bowler,2021,2000000
M Siddharth,Bowler,2021,2000000
Shakib Al Hasan,All-Rounder,2021,32000000
Harbhajan Singh,Bowler,2021,20000000
Ben Cutting,All-Rounder,2021,7500000
Karun Nair,Batsman,2021,5000000
Pawan Negi,All-Rounder,2021,5000000
Venkatesh Iyer,All-Rounder,2021,2000000
Sheldon Jackson,Wicket-Keeper,2021,2000000
Vaibhav Arora,Bowler,2021,2000000
Nathan Coulter-Nile,Bowler,2021,50000000
Adam Milne,Bowler,2021,32000000
Piyush Chawla,Bowler,2021,24000000
James Neesham,All-Rounder,2021,5000000
Yudhvir Charak,All-Rounder,2021,2000000
Marco Jansen,All-Rounder,2021,2000000
Arjun Tendulkar,All-Rounder,2021,2000000
Jhye Richardson,Bowler,2021,140000000
Riley Meredith,Bowler,2021,80000000
Shahrukh Khan,All-Rounder,2021,52500000
Moises Henriques,All-Rounder,2021,42000000
Dawid Malan,All-Rounder,2021,15000000
Fabian Allen,All-Rounder,2021,7500000
Jalaj Saxena,All-Rounder,2021,3000000
Saurabh Kumar,All-Rounder,2021,2000000
Utkarsh Singh,All-Rounder,2021,2000000
Christopher Morris,All-Rounder,2021,162500000
Shivam Dube,All-Rounder,2021,44000000
Chetan Sakariya,Bowler,2021,12000000
Mustafizur Rahman,Bowler,2021,10000000
Liam Livingstone,All-Rounder,2021,7500000
K.C Cariappa,Bowler,2021,2000000
Akash Singh,Bowler,2021,2000000
Kuldip Yadav,Bowler,2021,2000000
Kyle Jamieson,All-Rounder,2021,150000000
Glenn Maxwell,All-Rounder,2021,142500000
Dan Christian,All-Rounder,2021,48000000
Sachin Baby,Batsman,2021,2000000
Rajat Patidar,Batsman,2021,2000000
Mohammed Azharudeen,Wicket-Keeper,2021,2000000
Suyash Prabhudesai,All-Rounder,2021,2000000
Kona Srikar Bharat,Wicket-Keeper,2021,2000000
Kedar Jadhav,All-Rounder,2021,20000000
Mujeeb Zadran,Bowler,2021,15000000
J Suchith,Bowler,2021,3000000
Piyush Chawla,Bowler,2020,67500000
Sam Curran,All-Rounder,2020,55000000
Josh Hazlewood,Bowler,2020,20000000
R. Sai Kishore,Bowler,2020,2000000
Shimron Hetmyer,Batsman,2020,77500000
Marcus Stoinis,All-Rounder,2020,48000000
Alex Carey,Wicket-Keeper,2020,24000000
Jason Roy,Batsman,2020,15000000
Chris Woakes,All-Rounder,2020,15000000
Mohit Sharma,Bowler,2020,5000000
Tushar Deshpande,Bowler,2020,2000000
Lalit Yadav,All-Rounder,2020,2000000
Glenn Maxwell,All-Rounder,2020,107500000
Sheldon Cottrell,Bowler,2020,85000000
Chris Jordan,All-Rounder,2020,30000000
Ravi Bishnoi,Bowler,2020,20000000
Prabhsimran Singh,Wicket-Keeper,2020,5500000
Deepak Hooda,All-Rounder,2020,5000000
James Neesham,All-Rounder,2020,5000000
Tajinder Dhillon,All-Rounder,2020,2000000
Ishan Porel,Bowler,2020,2000000
Pat Cummins,All-Rounder,2020,155000000
Eoin Morgan,Batsman,2020,52500000
Varun Chakaravarthy,All-Rounder,2020,40000000
Tom Banton,Batsman,2020,10000000
Rahul Tripathi,Batsman,2020,6000000
Chris Green,All-Rounder,2020,2000000
Nikhil Shankar Naik,Wicket-Keeper,2020,2000000
Pravin Tambe,Bowler,2020,2000000
M Siddharth,Bowler,2020,2000000
Nathan Coulter-Nile,Bowler,2020,80000000
Chris Lynn,Batsman,2020,20000000
Saurabh Tiwary,Batsman,2020,5000000
Digvijay Deshmukh,All-Rounder,2020,2000000
Prince Balwant Rai Singh,All-Rounder,2020,2000000
Mohsin Khan,Bowler,2020,2000000
Robin Uthappa,Batsman,2020,30000000
Jaydev Unadkat,Bowler,2020,30000000
Yashasvi Jaiswal,All-Rounder,2020,24000000
Kartik Tyagi,Bowler,2020,13000000
Tom Curran,All-Rounder,2020,10000000
Andrew Tye,Bowler,2020,10000000
Anuj Rawat,Wicket-Keeper,2020,8000000
David Miller,Batsman,2020,7500000
Oshane Thomas,Bowler,2020,5000000
Anirudha Ashok Joshi,All-Rounder,2020,2000000
Akash Singh,Bowler,2020,2000000
Christopher Morris,All-Rounder,2020,100000000
Aaron Finch,Batsman,2020,44000000
Kane Richardson,Bowler,2020,40000000
Dale Steyn,Bowler,2020,20000000
Isuru Udana,All-Rounder,2020,5000000
Shahbaz Ahamad,Wicket-Keeper,2020,2000000
Joshua Philippe,Wicket-Keeper,2020,2000000
Pavan Deshpande,All-Rounder,2020,2000000
Mitchell Marsh,All-Rounder,2020,20000000
Priyam Garg,Batsman,2020,19000000
Virat Singh,Batsman,2020,19000000
Fabian Allen,All-Rounder,2020,5000000
Sandeep Bavanaka,All-Rounder,2020,2000000
Sanjay Yadav,All-Rounder,2020,2000000
Abdul Samad,All-Rounder,2020,2000000
Mohit Sharma,Bowler,2019,50000000
Ruturaj Gaikwad,Batsman,2019,2000000
Colin Ingram,Batsman,2019,64000000
Axar Rajesh Patel,All-Rounder,2019,50000000
Hanuma Vihari,Batsman,2019,20000000
Sherfane Rutherford,All-Rounder,2019,20000000
Ishant Sharma,Bowler,2019,11000000
Keemo Paul,All-Rounder,2019,5000000
Jalaj Saxena,All-Rounder,2019,2000000
Ankush Bains,Wicket-Keeper,2019,2000000
Nathu Singh,Bowler,2019,2000000
Bandaru Ayyappa,Bowler,2019,2000000
Varun Chakaravarthy,All-Rounder,2019,84000000
Sam Curran,All-Rounder,2019,72000000
Mohammad Shami,Bowler,2019,48000000
Prabhsimran Singh,Wicket-Keeper,2019,48000000
Nicolas Pooran,Wicket-Keeper,2019,42000000
Moises Henriques,All-Rounder,2019,10000000
Hardus Viljoen,Bowler,2019,7500000
Darshan Nalkande,All-Rounder,2019,3000000
Sarfaraz Naushad Khan,All-Rounder,2019,2500000
Arshdeep Singh,Bowler,2019,2000000
Agnivesh Ayachi,All-Rounder,2019,2000000
Harpreet Brar,All-Rounder,2019,2000000
M. Ashwin,Bowler,2019,2000000
Carlos Brathwaite,All-Rounder,2019,50000000
Lockie Ferguson,Bowler,2019,16000000
Joe Denly,Batsman,2019,10000000
Harry Gurney,Bowler,2019,7500000
Nikhil Shankar Naik,Wicket-Keeper,2019,2000000
Shrikant Mundhe,All-Rounder,2019,2000000
Prithvi Raj Yarra,Bowler,2019,2000000
Anrich Nortje,Bowler,2019,2000000
Barinder Singh Sran,Bowler,2019,34000000
Lasith Malinga,Bowler,2019,20000000
Yuvraj Singh,All-Rounder,2019,10000000
Anmolpreet Singh,Batsman,2019,8000000
Pankaj Jaswal,All-Rounder,2019,2000000
Rasikh Dar,Bowler,2019,2000000
Jaydev Unadkat,Bowler,2019,84000000
Varun Aaron,Bowler,2019,24000000
Oshane Thomas,Bowler,2019,11000000
Ashton Turner,All-Rounder,2019,5000000
Liam Livingstone,All-Rounder,2019,5000000
Shashank Singh,All-Rounder,2019,3000000
Riyan Parag,All-Rounder,2019,2000000
Manan Vohra,Batsman,2019,2000000
Shubham Ranjane,All-Rounder,2019,2000000
Shivam Dube,All-Rounder,2019,50000000
Shimron Hetmyer,Batsman,2019,42000000
Akshdeep Nath,All-Rounder,2019,36000000
Prayas Ray Barman,All-Rounder,2019,15000000
Himmat Singh,Batsman,2019,6500000
Gurkeerat Singh Mann,All-Rounder,2019,5000000
Heinrich Klaasen,Wicket-Keeper,2019,5000000
Devdutt Padikkal,Batsman,2019,2000000
Milind Kumar,All-Rounder,2019,2000000
Jonny Bairstow,Wicket-Keeper,2019,22000000
Wriddhiman Saha,Wicket-Keeper,2019,12000000
Martin Guptill,Batsman,2019,10000000
Kedar Jadhav,All-Rounder,2018,78000000
Dwayne Bravo,All-Rounder,2018,64000000
Karn Sharma,Bowler,2018,50000000
Shane Watson,All-Rounder,2018,40000000
Shardul Narendra Thakur,Bowler,2018,26000000
Ambati Rayudu,Wicket-Keeper,2018,22000000
Murali Vijay,Batsman,2018,20000000
Harbhajan Singh,Bowler,2018,20000000
Faf Du Plessis,Batsman,2018,16000000
Mark Wood,Bowler,2018,15000000
Sam Billings,Wicket-Keeper,2018,10000000
Imran Tahir,Bowler,2018,10000000
Deepak Chahar,All-Rounder,2018,8000000
Mitchell Santner,All-Rounder,2018,5000000
Lungisani Ngidi,Bowler,2018,5000000
Asif K M,Bowler,2018,4000000
N Jagadeesan,Wicket-Keeper,2018,2000000
Kanishk Seth,All-Rounder,2018,2000000
Monu Singh,Bowler,2018,2000000
Dhruv Shorey,All-Rounder,2018,2000000
Kshitiz Sharma,All-Rounder,2018,2000000
Chaitanya Bishnoi,All-Rounder,2018,2000000
Glenn Maxwell,All-Rounder,2018,90000000
Kagiso Rabada,Bowler,2018,42000000
Amit Mishra,Bowler,2018,40000000
Shahbaz Nadeem,Bowler,2018,32000000
Vijay Shankar,All-Rounder,2018,32000000
Rahul Tewatia,All-Rounder,2018,30000000
Mohammad Shami,Bowler,2018,30000000
Gautam Gambhir,Batsman,2018,28000000
Trent Boult,Bowler,2018,22000000
Colin Munro,All-Rounder,2018,19000000
Daniel Christian,All-Rounder,2018,15000000
Jason Roy,Batsman,2018,15000000
Naman Ojha,Wicket-Keeper,2018,14000000
Prithvi Shaw,Batsman,2018,12000000
Gurkeerat Singh Mann,All-Rounder,2018,7500000
Avesh Khan,Bowler,2018,7000000
Abhishek Sharma,All-Rounder,2018,5500000
Jayant Yadav,All-Rounder,2018,5000000
Harshal Patel,All-Rounder,2018,2000000
Manjot Kalra,Batsman,2018,2000000
Sandeep Lamichhane,Bowler,2018,2000000
Sayan Ghosh,Bowler,2018,2000000
KL Rahul,Batsman,2018,110000000
Ravichandran Ashwin,All-Rounder,2018,76000000
Andrew Tye,Bowler,2018,72000000
Aaron Finch,Batsman,2018,62000000
Marcus Stoinis,All-Rounder,2018,62000000
Karun Nair,Batsman,2018,56000000
Mujeeb Zadran,Bowler,2018,40000000
Ankit Singh Rajpoot,Bowler,2018,30000000
David Miller,Batsman,2018,30000000
Mohit Sharma,Bowler,2018,24000000
Barinder Singh Sran,Bowler,2018,22000000
Yuvraj Singh,All-Rounder,2018,20000000
Christopher Gayle,Batsman,2018,20000000
Ben Dwarshuis,Bowler,2018,14000000
Akshdeep Nath,All-Rounder,2018,10000000
Manoj Tiwary,Batsman,2018,10000000
Mayank Agarwal,Batsman,2018,10000000
Manzoor Dar,All-Rounder,2018,2000000
Pardeep Sahu,Bowler,2018,2000000
Mayank Dagar,All-Rounder,2018,2000000
Chris Lynn,Batsman,2018,96000000
Mitchell Starc,Bowler,2018,94000000
Dinesh Karthik,Wicket-Keeper,2018,74000000
Robin Uthappa,Wicket-Keeper,2018,64000000
Kuldeep Singh Yadav,Bowler,2018,58000000
Piyush Chawla,Bowler,2018,42000000
Nitish Rana,All-Rounder,2018,34000000
Kamlesh Nagarkoti,All-Rounder,2018,32000000
Shivam Mavi,All-Rounder,2018,30000000
Mitchell Johnson,Bowler,2018,20000000
Shubman Gill,Batsman,2018,18000000
Ranganath Vinay Kumar,Bowler,2018,10000000
Rinku Singh,Batsman,2018,8000000
Cameron Delport,All-Rounder,2018,3000000
Javon Searless,All-Rounder,2018,3000000
Apoorv Vijay Wankhade,Batsman,2018,2000000
Ishank Jaggi,Batsman,2018,2000000
Krunal Pandya,All-Rounder,2018,88000000
Ishan Kishan,Wicket-Keeper,2018,62000000
Kieron Pollard,All-Rounder,2018,54000000
Pat Cummins,Bowler,2018,54000000
Evin Lewis,Batsman,2018,38000000
Suryakumar Yadav,Batsman,2018,32000000
Ben Cutting,All-Rounder,2018,22000000
Mustafizur Rahman,Bowler,2018,22000000
Rahul Chahar,Bowler,2018,19000000
Pradeep Sangwan,Bowler,2018,15000000
Jason Behrendorff,Bowler,2018,15000000
Jean-Paul Duminy,All-Rounder,2018,10000000
Saurabh Tiwary,Batsman,2018,8000000
Tajinder Dhillon,All-Rounder,2018,5500000
Akila Dhananjaya,Bowler,2018,5000000
Nidheesh M D Dinesan,Bowler,2018,2000000
Aditya Tare,Wicket-Keeper,2018,2000000
Siddhesh Dinesh Lad,Batsman,2018,2000000
Mayank Markande,Bowler,2018,2000000
Sharad Lumba,Batsman,2018,2000000
Anukul Roy,All-Rounder,2018,2000000
Mohsin Khan,Bowler,2018,2000000
Benjamin Stokes,All-Rounder,2018,125000000
Jaydev Unadkat,Bowler,2018,115000000
Sanju Samson,Wicket-Keeper,2018,80000000
Jofra Archer,All-Rounder,2018,72000000
Krishnappa Gowtham,Bowler,2018,62000000
Jos Buttler,Wicket-Keeper,2018,44000000
Ajinkya Rahane,Batsman,2018,40000000
Darcy Short,All-Rounder,2018,40000000
Rahul Tripathi,Batsman,2018,34000000
Dhawal Kulkarni,Bowler,2018,7500000
Zahir Khan Pakteen,Bowler,2018,6000000
Ben Laughlin,Bowler,2018,5000000
Stuart Binny,All-Rounder,2018,5000000
Dushmantha Chameera,Bowler,2018,5000000
Anureet Singh,Bowler,2018,3000000
Aryaman Vikram Birla,All-Rounder,2018,3000000
Midhun S,All-Rounder,2018,2000000
Shreyas Gopal,All-Rounder,2018,2000000
Prashant Chopra,Wicket-Keeper,2018,2000000
Jatin Saxena,All-Rounder,2018,2000000
Ankit Sharma,All-Rounder,2018,2000000
Mahipal Lomror,All-Rounder,2018,2000000
Chris Woakes,All-Rounder,2018,74000000
Yuzvendra Singh Chahal,Bowler,2018,60000000
Umesh Yadav,Bowler,2018,42000000
Brendon McCullum,Batsman,2018,36000000
M.S. Washington Sundar,All-Rounder,2018,32000000
Navdeep Saini,Bowler,2018,30000000
Quinton De Kock,Wicket-Keeper,2018,28000000
Mohammed Siraj,Bowler,2018,26000000
Nathan Coulter-Nile,Bowler,2018,22000000
Colin De Grandhomme,All-Rounder,2018,22000000
M. Ashwin,Bowler,2018,22000000
Parthiv Patel,Wicket-Keeper,2018,17000000
Moeen Ali,All-Rounder,2018,17000000
Mandeep Singh,All-Rounder,2018,14000000
Manan Vohra,Batsman,2018,11000000
Pawan Negi,All-Rounder,2018,10000000
Tim Southee,Bowler,2018,10000000
Kulwant Khejroliya,Bowler,2018,8500000
Aniket Choudhary,Bowler,2018,3000000
Pavan Deshpande,All-Rounder,2018,2000000
Anirudha Ashok Joshi,All-Rounder,2018,2000000
Manish Pandey,Batsman,2018,110000000
Rashid Khan Arman,Bowler,2018,90000000
Shikhar Dhawan,Batsman,2018,52000000
Wriddhiman Saha,Wicket-Keeper,2018,50000000
Siddarth Kaul,Bowler,2018,38000000
Deepak Hooda,All-Rounder,2018,36000000
Syed Khaleel Ahmed,Bowler,2018,30000000
Sandeep Sharma,Bowler,2018,30000000
Kane Williamson,Batsman,2018,30000000
Carlos Brathwaite,All-Rounder,2018,20000000
Shakib Al Hasan,All-Rounder,2018,20000000
Yusuf Pathan,All-Rounder,2018,19000000
Shreevats Goswami,Wicket-Keeper,2018,10000000
Mohammad Nabi,All-Rounder,2018,10000000
Chris Jordan,All-Rounder,2018,10000000
Basil Thampi,Bowler,2018,9500000
Billy Stanlake,Batsman,2018,5000000
T Natarajan,Bowler,2018,4000000
Sachin Baby,Batsman,2018,2000000
Bipul Sharma,All-Rounder,2018,2000000
Syed Mehdi Hasan,All-Rounder,2018,2000000
Ricky Bhui,Batsman,2018,2000000
Tanmay Agarwal,Batsman,2018,2000000
Kagiso Rabada,Bowler,2017,50000000
Patrick Cummins,Bowler,2017,45000000
Angelo Mathews,All-Rounder,2017,20000000
Corey Anderson,All-Rounder,2017,10000000
M. Ashwin,Bowler,2017,10000000
Aditya Tare,Wicket-Keeper,2017,2500000
Ankeet Bawane,Batsman,2017,1000000
Navdeep Saini,Bowler,2017,1000000
Shashank Singh,All-Rounder,2017,1000000
Jason Roy,Batsman,2017,10000000
Basil Thampi,Bowler,2017,8500000
Manpreet Gony,Bowler,2017,6000000
Nathu Singh,Bowler,2017,5000000
Munaf Patel,Bowler,2017,3000000
Akshdeep Nath,All-Rounder,2017,1000000
Shubam Agrawal,All-Rounder,2017,1000000
Tejas Singh Baroka,Bowler,2017,1000000
Chirag Suri,Batsman,2017,1000000
Pratham Singh,All-Rounder,2017,1000000
Shelley Shaurya,Bowler,2017,1000000
T Natarajan,Bowler,2017,30000000
Varun Aaron,Bowler,2017,28000000
Eoin Morgan,Batsman,2017,20000000
Matt Henry,Bowler,2017,5000000
Martin Guptill,Batsman,2017,5000000
Darren Sammy,All-Rounder,2017,3000000
Rahul Tewatia,All-Rounder,2017,2500000
Rinku Singh,Batsman,2017,1000000
Trent Boult,Bowler,2017,50000000
Chris Woakes,All-Rounder,2017,42000000
Nathan Coulter-Nile,Bowler,2017,35000000
Rishi Dhawan,All-Rounder,2017,5500000
Darren Bravo,Batsman,2017,5000000
Rovman Powell,All-Rounder,2017,3000000
Sayan Ghosh,Bowler,2017,1000000
R. Sanjay Yadav,All-Rounder,2017,1000000
Ishank Jaggi,Batsman,2017,1000000
Karn Sharma,All-Rounder,2017,32000000
Krishnappa Gowtham,All-Rounder,2017,20000000
Mitchell Johnson,Bowler,2017,20000000
Asela Gunarathna,Batsman,2017,3000000
Saurabh Tiwary,Batsman,2017,3000000
Nicolas Pooran,Wicket-Keeper,2017,3000000
Kulwant Khejroliya,Bowler,2017,1000000
Benjamin Stokes,All-Rounder,2017,145000000
Daniel Christian,All-Rounder,2017,10000000
Manoj Tiwary,Batsman,2017,5000000
Lockie Ferguson,Bowler,2017,5000000
Jaydev Unadkat,Bowler,2017,3000000
Rahul Chahar,Bowler,2017,1000000
Saurabh Kumar,Bowler,2017,1000000
Milind Tandon,All-Rounder,2017,1000000
Rahul Ajay Tripathi,All-Rounder,2017,1000000
Tymal Mills,Bowler,2017,120000000
Aniket Choudhary,Bowler,2017,20000000
Pawan Negi,All-Rounder,2017,10000000
Billy Stanlake,Bowler,2017,3000000
Praveen Dubey,All-Rounder,2017,1000000
Rashid Khan Arman,Bowler,2017,40000000
Mohammed Siraj,Bowler,2017,26000000
Eklavya Dwivedi,Wicket-Keeper,2017,7500000
Chris Jordan,All-Rounder,2017,5000000
Mohammad Nabi,All-Rounder,2017,3000000
Ben Laughlin,Bowler,2017,3000000
Pravin Tambe,Bowler,2017,1000000
Tanmay Agarwal,Batsman,2017,1000000
Pawan Negi,All-Rounder,2016,85000000
Christopher Morris,All-Rounder,2016,70000000
Sanju Samson,Wicket-Keeper,2016,42000000
Carlos Brathwaite,All-Rounder,2016,42000000
Karun Nair,Batsman,2016,40000000
Rishabh Pant,Wicket-Keeper,2016,19000000
Joel Paris,Bowler,2016,3000000
Sam Billings,Wicket-Keeper,2016,3000000
Chama Milind,Bowler,2016,1000000
Pratyush Singh,All-Rounder,2016,1000000
Mahipal Lomror,All-Rounder,2016,1000000
Syed Khaleel Ahmed,All-Rounder,2016,1000000
Akhil Arvind Herwadkar,All-Rounder,2016,1000000
Pawan Suyal,Bowler,2016,1000000
Praveen Kumar,Bowler,2016,35000000
Dale Steyn,Bowler,2016,23000000
Dinesh Karthik,Wicket-Keeper,2016,23000000
Dwayne Smith,All-Rounder,2016,23000000
Dhawal Kulkarni,Bowler,2016,20000000
Aaron Finch,Batsman,2016,10000000
Eklavya Dwivedi,Wicket-Keeper,2016,10000000
Andrew Tye,All-Rounder,2016,5000000
Ishan Kishan,Wicket-Keeper,2016,3500000
Jaydev Shah,All-Rounder,2016,2000000
Shadab Jakati,All-Rounder,2016,2000000
Pravin Tambe,Bowler,2016,2000000
Pradeep Sangwan,All-Rounder,2016,2000000
Amit Mishra,Bowler,2016,1000000
Shivil Kaushik,Bowler,2016,1000000
Akshdeep Nath,All-Rounder,2016,1000000
Sarabjit Ladda,Bowler,2016,1000000
Umang Sharma,Batsman,2016,1000000
Paras Dogra,Batsman,2016,1000000
Mohit Sharma,Bowler,2016,65000000
Kyle Abbott,Bowler,2016,21000000
K.C. Cariappa,Bowler,2016,8000000
Marcus Stoinis,All-Rounder,2016,5500000
Farhaan Behardien,All-Rounder,2016,3000000
Pardeep Sahu,All-Rounder,2016,1000000
Armaan Jaffer,Batsman,2016,1000000
Swapnil Singh,All-Rounder,2016,1000000
Jaydev Unadkat,Bowler,2016,16000000
Ankit Singh Rajpoot,Bowler,2016,15000000
John Hastings,Bowler,2016,13000000
Jason Holder,All-Rounder,2016,7000000
Colin Munro,All-Rounder,2016,3000000
Rajagopal Sathish,All-Rounder,2016,2000000
Manan Ajay Sharma,All-Rounder,2016,1000000
Jos Buttler,Wicket-Keeper,2016,38000000
Nathu Singh,Bowler,2016,32000000
Tim Southee,Bowler,2016,25000000
Krunal Pandya,All-Rounder,2016,20000000
Kishore Pramod Kamath,All-Rounder,2016,14000000
Deepak Punia,All-Rounder,2016,1000000
Jitesh Sharma,Wicket-Keeper,2016,1000000
Mitchell Marsh,All-Rounder,2016,48000000
M. Ashwin,Bowler,2016,45000000
Ishant Sharma,Bowler,2016,38000000
Kevin Pietersen,Batsman,2016,35000000
Irfan Pathan,All-Rounder,2016,10000000
Thisara Perera,All-Rounder,2016,10000000
Rajat Bhatia,All-Rounder,2016,6000000
Ashok Dinda,Bowler,2016,5000000
Scott Boland,Bowler,2016,5000000
Peter Handscomb,Wicket-Keeper,2016,3000000
Rudra Pratap Singh,Bowler,2016,3000000
Adam Zampa,Bowler,2016,3000000
Ishwar Chandra Pandey,Bowler,2016,2000000
Deepak Chahar,All-Rounder,2016,1000000
Jaskaran Singh,Bowler,2016,1000000
Baba Aparajith,All-Rounder,2016,1000000
Ankush Bains,Wicket-Keeper,2016,1000000
Ankit Sharma,All-Rounder,2016,1000000
Shane Watson,All-Rounder,2016,95000000
Stuart Binny,All-Rounder,2016,20000000
Kane Richardson,Bowler,2016,20000000
Samuel Badree,Bowler,2016,5000000
Travis Head,Batsman,2016,5000000
Praveen Dubey,All-Rounder,2016,3500000
Vikramjeet Malik,Bowler,2016,2000000
Akshay Karnewar,All-Rounder,2016,1000000
Iqbal Abdullah,All-Rounder,2016,1000000
Sachin Baby,Batsman,2016,1000000
Vikas Tokas,Bowler,2016,1000000
Yuvraj Singh,All-Rounder,2016,70000000
Ashish Nehra,Bowler,2016,55000000
Deepak Hooda,All-Rounder,2016,42000000
Mustafizur Rahman,Bowler,2016,14000000
Aditya Tare,Wicket-Keeper,2016,12000000
Barinder Singh Sran,Bowler,2016,12000000
Ben Cutting,All-Rounder,2016,5000000
Vijay Shankar,All-Rounder,2016,3500000
Abhimanyu Mithun,Bowler,2016,3000000
Tirumalasetti Suman,Batsman,2016,1000000
Michael Hussey,Batsman,2015,15000000
Irfan Pathan,All-Rounder,2015,15000000
Rahul Sharma,Bowler,2015,3000000
Kyle Abbott,Bowler,2015,3000000
Andrew Tye,Bowler,2015,2000000
Pratyush Singh,All-Rounder,2015,1000000
Ankush Bains,Wicket-Keeper,2015,1000000
Eklavya Dwivedi,Wicket-Keeper,2015,1000000
Yuvraj Singh,Batsman,2015,160000000
Angelo Mathews,All-Rounder,2015,75000000
Zaheer Khan,Bowler,2015,40000000
Amit Mishra,Bowler,2015,35000000
Shreyas Iyer,Batsman,2015,26000000
Gurinder Sandhu,Bowler,2015,17000000
Jaydev Unadkat,Bowler,2015,11000000
Domnic Joseph Muthuswamy,Bowler,2015,7500000
Albie Morkel,All-Rounder,2015,3000000
Travis Head,Batsman,2015,3000000
Marcus Stoinis,All-Rounder,2015,2500000
C.M. Gautam,Wicket-Keeper,2015,2000000
Kona Srikar Bharat,Wicket-Keeper,2015,1000000
K.K. Jiyaz,Bowler,2015,1000000
Murali Vijay,Batsman,2015,30000000
Nikhil Shankar Naik,Wicket-Keeper,2015,3000000
Yogesh Gowalkar,All-Rounder,2015,1000000
K.C. Cariappa,Bowler,2015,24000000
James Neesham,All-Rounder,2015,5000000
Brad Hogg,Bowler,2015,5000000
Aditya Garhwal,All-Rounder,2015,2500000
Sheldon Jackson,Batsman,2015,1500000
Sumit Narwal,All-Rounder,2015,1000000
Vaibhav Rawal,All-Rounder,2015,1000000
Aaron Finch,Batsman,2015,32000000
Pragyan Ojha,Bowler,2015,5000000
Abhimanyu Mithun,Bowler,2015,3000000
Mitchell McClenaghan,Bowler,2015,3000000
Aiden Blizzard,Batsman,2015,3000000
Hardik Pandya,All-Rounder,2015,1000000
Akshay Wakhare,Bowler,2015,1000000
Nitish Rana,All-Rounder,2015,1000000
Siddhesh Dinesh Lad,All-Rounder,2015,1000000
J. Suchitch,All-Rounder,2015,1000000
Christopher Morris,All-Rounder,2015,14000000
Juan Theron,Bowler,2015,3000000
Barinder Singh Saran,Bowler,2015,1000000
Dinesh Salunkhe,All-Rounder,2015,1000000
Sagar Trivedi,All-Rounder,2015,1000000
Pardeep Sahu,All-Rounder,2015,1000000
Dinesh Karthik,Wicket-Keeper,2015,105000000
Darren Sammy,All-Rounder,2015,28000000
David Wiese,All-Rounder,2015,28000000
Sean Abbott,Bowler,2015,10000000
Adam Milne,Bowler,2015,7000000
Sarfaraz Naushad Khan,Batsman,2015,5000000
Subramaniam Badrinath,Batsman,2015,3000000
Jalaj Saxena,All-Rounder,2015,1000000
Shishir Bhavane,Batsman,2015,1000000
Trent Boult,Bowler,2015,38000000
Praveen Kumar,Bowler,2015,22000000
Kevin Pietersen,Batsman,2015,20000000
Eoin Morgan,Batsman,2015,15000000
Ravi Bopara,All-Rounder,2015,10000000
Kane Williamson,All-Rounder,2015,6000000
Laxmi Ratan Shukla,All-Rounder,2015,3000000
Prasanth Padmanabhan,All-Rounder,2015,1000000
Hanuma Vihari,Batsman,2015,1000000
Siddarth Kaul,Bowler,2015,1000000
Faf Du Plessis,Batsman,2014,47500000
Dwayne Smith,Batsman,2014,45000000
Brendon McCullum,Wicket-Keeper,2014,32500000
Ashish Nehra,Bowler,2014,20000000
Mohit Sharma,Bowler,2014,20000000
Ishwar Chandra Pandey,Bowler,2014,15000000
Ben Hilfenhaus,Bowler,2014,10000000
John Hastings,All-Rounder,2014,5000000
Samuel Badree,Bowler,2014,3000000
Matt Henry,Bowler,2014,3000000
Mithun Manhas,All-Rounder,2014,3000000
Vijay Shankar,All-Rounder,2014,1000000
Ronit More,Bowler,2014,1000000
Baba Aparajith,Batsman,2014,1000000
Pawan Negi,Bowler,2014,1000000
Dinesh Karthik,Wicket-Keeper,2014,125000000
Kevin Pietersen,Batsman,2014,90000000
Murali Vijay,Batsman,2014,50000000
Mohammad Shami,Bowler,2014,42500000
Nathan Coulter-Nile,Bowler,2014,42500000
Quinton De Kock,Wicket-Keeper,2014,35000000
Manoj Tiwary,Batsman,2014,28000000
Jaydev Unadkat,Bowler,2014,28000000
Jean-Paul Duminy,Batsman,2014,22000000
Ross Taylor,Batsman,2014,20000000
Kedar Jadhav,Batsman,2014,20000000
Rahul Sharma,Bowler,2014,19000000
Mayank Agarwal,Batsman,2014,16000000
Laxmi Ratan Shukla,All-Rounder,2014,15000000
James Neesham,All-Rounder,2014,10000000
Wayne Parnell,Bowler,2014,10000000
Shahbaz Nadeem,Bowler,2014,8500000
Saurabh Tiwary,Batsman,2014,7000000
Siddarth Kaul,Bowler,2014,4500000
Rahul Shukla,Bowler,2014,4000000
Jayant Yadav,All-Rounder,2014,1000000
HS Sharath,Bowler,2014,1000000
Milind Kumar,Batsman,2014,1000000
Mitchell Johnson,All-Rounder,2014,65000000
Glenn Maxwell,All-Rounder,2014,60000000
George Bailey,Batsman,2014,32500000
Virender Sehwag,Batsman,2014,32000000
Rishi Dhawan,All-Rounder,2014,30000000
Wriddhiman Saha,Wicket-Keeper,2014,22000000
Shaun Marsh,Batsman,2014,22000000
Cheteshwar Pujara,Batsman,2014,19000000
Beuran Hendricks,Bowler,2014,18000000
Lakshmipathy Balaji,Bowler,2014,18000000
Thisara Perera,All-Rounder,2014,16000000
Gurkirat Singh Mann,Batsman,2014,13000000
Murali Kartik,Bowler,2014,10000000
Sandeep Sharma,Bowler,2014,8500000
Mandeep Hardev Singh,All-Rounder,2014,8000000
Akshar Rajesh Patel,All-Rounder,2014,7500000
Parvinder Awana,Bowler,2014,6500000
Shardul Narendra Thakur,Bowler,2014,2000000
Anureet Singh,Bowler,2014,2000000
Shivam Sharma,Bowler,2014,1000000
Karanveer Singh,All-Rounder,2014,1000000
Jacques Kallis,All-Rounder,2014,55000000
Robin Uthappa,Batsman,2014,50000000
Piyush Chawla,Bowler,2014,42500000
Yusuf Pathan,All-Rounder,2014,32500000
Shakib Al Hasan,All-Rounder,2014,28000000
Morne Morkel,Bowler,2014,28000000
Ranganath Vinay Kumar,Bowler,2014,28000000
Umesh Yadav,Bowler,2014,26000000
Manish Pandey,Batsman,2014,17000000
Chris Lynn,Batsman,2014,13000000
Patrick Cummins,Bowler,2014,10000000
Ryan Ten Doeschate,All-Rounder,2014,10000000
Suryakumar Yadav,Batsman,2014,7000000
Andre Russell,All-Rounder,2014,6000000
Manvinder Bisla,Wicket-Keeper,2014,6000000
Veer Pratap Singh,Bowler,2014,4000000
Kuldeep Singh Yadav,Bowler,2014,4000000
Debabrata Das,Wicket-Keeper,2014,2000000
Sayan Sekhar Mandal,All-Rounder,2014,1000000
Michael Hussey,Batsman,2014,50000000
Corey Anderson,All-Rounder,2014,45000000
Pragyan Ojha,Bowler,2014,32500000
Zaheer Khan,Bowler,2014,26000000
Aditya Tare,Wicket-Keeper,2014,16000000
Jasprit Bumrah,Bowler,2014,12000000
Jalaj Saxena,All-Rounder,2014,9000000
Josh Hazlewood,Bowler,2014,5000000
Marchant De Lange,Bowler,2014,3000000
Krismar Santokie,Bowler,2014,3000000
Ben Dunk,Wicket-Keeper,2014,2000000
C.M. Gautam,Wicket-Keeper,2014,2000000
Apoorv Vijay Wankhade,Batsman,2014,1000000
Pawan Suyal,Bowler,2014,1000000
Sushant Marathe,Wicket-Keeper,2014,1000000
Shreyas Gopal,Bowler,2014,1000000
Steven Smith,All-Rounder,2014,40000000
Brad Hodge,Batsman,2014,24000000
Rajat Bhatia,All-Rounder,2014,17000000
Tim Southee,Bowler,2014,12000000
Dhawal Kulkarni,Bowler,2014,11000000
Abhishek Nayar,All-Rounder,2014,10000000
Kane Richardson,Bowler,2014,10000000
Ben Cutting,Bowler,2014,8000000
Karun Nair,Batsman,2014,7500000
Unmukt Chand,Batsman,2014,6500000
Iqbal Abdullah,All-Rounder,2014,6500000
Deepak Hooda,Bowler,2014,4000000
Dishant Yagnik,Wicket-Keeper,2014,3000000
Kevon Cooper,All-Rounder,2014,3000000
Vikramjeet Malik,Bowler,2014,2000000
Ankit Nagendra Sharma,Bowler,2014,1000000
Rahul Tewatia,All-Rounder,2014,1000000
Ankush Bains,Wicket-Keeper,2014,1000000
Amit Mishra,Bowler,2014,1000000
Pravin Tambe,Bowler,2014,1000000
Yuvraj Singh,All-Rounder,2014,140000000
Mitchell Starc,Bowler,2014,50000000
Albie Morkel,All-Rounder,2014,24000000
Varun Aaron,Bowler,2014,20000000
Ashok Dinda,Bowler,2014,15000000
Parthiv Patel,Wicket-Keeper,2014,14000000
Muttiah Muralitharan,Bowler,2014,10000000
Ravi Rampaul,Bowler,2014,9000000
Nic Maddinson,Batsman,2014,5000000
Harshal Patel,Bowler,2014,4000000
Vijay Zol,Batsman,2014,3000000
Abu Nechim Ahmed,Bowler,2014,3000000
Sachin Rana,Bowler,2014,2000000
Shadab Jakati,Bowler,2014,2000000
Sandeep Warrier,Bowler,2014,1000000
Tanmay Mishra,Batsman,2014,1000000
Yogesh Takawale,Wicket-Keeper,2014,1000000
Yuzvendra Singh Chahal,Bowler,2014,1000000
David Warner,Batsman,2014,55000000
Amit Mishra,Bowler,2014,47500000
Bhuvneshwar Kumar,Bowler,2014,42500000
Aaron Finch,Batsman,2014,40000000
Karn Sharma,Bowler,2014,37500000
Darren Sammy,All-Rounder,2014,35000000
Ishant Sharma,Bowler,2014,26000000
Irfan Pathan,All-Rounder,2014,24000000
Moises Henriques,All-Rounder,2014,10000000
KL Rahul,Batsman,2014,10000000
Parveez Rasool,All-Rounder,2014,9500000
Jason Holder,Bowler,2014,7500000
Venugopal Rao,Batsman,2014,5500000
Naman Ojha,Wicket-Keeper,2014,5000000
Brendan Taylor,Wicket-Keeper,2014,3000000
Prasanth Parameswaran,Bowler,2014,3000000
Amit Paunikar,Wicket-Keeper,2014,2000000
Ashish Reddy,Bowler,2014,2000000
Srikkanth Anirudha,Batsman,2014,2000000
Ricky Bhui,Batsman,2014,1000000
Chama Milind,Bowler,2014,1000000
Manprit Juneja,Batsman,2014,1000000
Christopher Morris,All-Rounder,2013,46875000
Dirk Nannes,Bowler,2013,45000000
Ben Laughlin,Bowler,2013,1500000
Akila Dananjaya,All-Rounder,2013,1500000
Jason Holder,Bowler,2013,1500000
Jeevan Mendis,All-Rounder,2013,3750000
Manpreet Gony,Bowler,2013,37500000
Luke Pomersbach,Batsman,2013,22500000
Sachithra Senanayaka,All-Rounder,2013,46875000
Ryan McLaren,Bowler,2013,3750000
Glenn Maxwell,All-Rounder,2013,75000000
Nathan Coulter-Nile,Bowler,2013,33750000
Ricky Ponting,Batsman,2013,30000000
Philip Hughes,Batsman,2013,7500000
Jacob Oram,All-Rounder,2013,3750000
Ajantha Mendis,Bowler,2013,54375000
Kane Richardson,Bowler,2013,52500000
Abhishek Nayar,All-Rounder,2013,50625000
Michael Clarke,Batsman,2013,30000000
James Faulkner,All-Rounder,2013,30000000
Fidel Edwards,Bowler,2013,15750000
Kusal Janith Perera,Wicket-Keeper,2013,1500000
Jaydev Unadkat,Bowler,2013,39375000
Rudra Pratap Singh,Bowler,2013,30000000
Moises Henriques,All-Rounder,2013,22500000
Ravi Rampaul,Bowler,2013,21750000
Pankaj Singh,Bowler,2013,11250000
Daniel Christian,All-Rounder,2013,7500000
Christopher Barnwell,All-Rounder,2013,3750000
Thisara Perera,All-Rounder,2013,50625000
Darren Sammy,All-Rounder,2013,31875000
Sudeep Tyagi,Bowler,2013,7500000
Clinton McKay,Bowler,2013,7500000
Nathan McCullum,Bowler,2013,7500000
Quinton De Kock,Wicket-Keeper,2013,1500000
