players,type,year,sold_price,unique_id
Virat Kohli,Batsman,2025,210000000.0,PW30OT
Rajat Patidar,Batsman,2025,110000000.0,1BI2VX
Yash Dayal,Bowler,2025,50000000.0,SOCG50
Jasprit Bumrah,Bowler,2025,180000000.0,5ZAKDJ
Suryakumar Yadav,Batsman,2025,163500000.0,WQMNN1
Hardik Pandya,All-Rounder,2025,163500000.0,GDL86G
Rohit Sharma,Batsman,2025,163000000.0,ANHP9F
Tilak Varma,All-Rounder,2025,80000000.0,JAN0MU
Heinrich Klaasen,Batsman,2025,230000000.0,401D9A
Pat Cummins,All-Rounder,2025,180000000.0,Y99G1S
Abhishek Sharma,All-Rounder,2025,140000000.0,FCO4DS
Travis Head,Batsman,2025,140000000.0,80VEMA
Nitish Kumar Reddy,All-Rounder,2025,60000000.0,ZR6IAI
Ruturaj Gaikwad,Batsman,2025,180000000.0,55W3CZ
Ravindra Jadeja,All-Rounder,2025,180000000.0,GT0O7G
Matheesha Pathirana,Bowler,2025,130000000.0,WRA3S4
Shivam Dube,All-Rounder,2025,120000000.0,7HGK5B
MS Dhoni,Batsman,2025,40000000.0,C1RZ7R
Axar Patel,All-Rounder,2025,165000000.0,IV89KK
Kuldeep Yadav,Bowler,2025,132500000.0,03GUM9
Tristan Stubbs,Batsman,2025,100000000.0,HJ6F0E
Abishek Porel,Batsman,2025,40000000.0,GYZ1D2
Rinku Singh,Batsman,2025,130000000.0,3HQYHW
Varun Chakravarthy,All-Rounder,2025,120000000.0,ZYOTHC
Sunil Narine,Bowler,2025,120000000.0,NG776H
Andre Russell,All-Rounder,2025,120000000.0,JAQD3W
Harshit Rana,Bowler,2025,40000000.0,0D985V
Ramandeep Singh,All-Rounder,2025,40000000.0,IHWGFH
Sanju Samson,Batsman,2025,180000000.0,GXQLYB
Yashasvi Jaiswal,All-Rounder,2025,180000000.0,AIUTBG
Riyan Parag,All-Rounder,2025,140000000.0,KITRL7
Dhruv Jurel,Batsman,2025,140000000.0,D3SUIL
Shimron Hetmyer,Batsman,2025,110000000.0,XQA4IM
Sandeep Sharma,Bowler,2025,40000000.0,6H1TA0
Rashid Khan,Bowler,2025,180000000.0,EN4YHO
Shubman Gill,Batsman,2025,165000000.0,83D7F9
Sai Sudharsan,All-Rounder,2025,85000000.0,A207P4
Rahul Tewatia,All-Rounder,2025,40000000.0,U9YPHI
M Shahrukh Khan,All-Rounder,2025,40000000.0,HJKSWD
Nicholas Pooran,Batsman,2025,210000000.0,J5WCKS
Ravi Bishnoi,Bowler,2025,110000000.0,CBNHEQ
Mayank Yadav,Bowler,2025,110000000.0,B03VRP
Mohsin Khan,Bowler,2025,40000000.0,Y2UBXS
Ayush Badoni,All-Rounder,2025,40000000.0,IHUX6U
Shashank Singh,All-Rounder,2025,55000000.0,ZXA937
Prabhsimran Singh,Batsman,2025,40000000.0,KVRMNM
Jos Buttler,Batsman,2025,157500000.0,EPO2DU
Shreyas Iyer,Batsman,2025,267500000.0,GBGXSM
Rishabh Pant,Batsman,2025,270000000.0,DG3ZZP
Kagiso Rabada,Bowler,2025,107500000.0,VXKZS9
Arshdeep Singh,Bowler,2025,180000000.0,ICFG1Z
Mitchell Starc,Bowler,2025,117500000.0,CC1XN0
Yuzvendra Chahal,Bowler,2025,180000000.0,TL6N4F
Liam Livingstone,All-Rounder,2025,87500000.0,K6J2RG
David Miller,Batsman,2025,75000000.0,7E9RI3
KL Rahul,Batsman,2025,140000000.0,PJ7Z9K
Mohammed Shami,Bowler,2025,100000000.0,7PVJWM
Mohammed Siraj,Bowler,2025,122500000.0,ZUUU7T
Harry Brook,Batsman,2025,62500000.0,83GWYW
Devon Conway,Batsman,2025,62500000.0,4IUN9W
Jake Fraser-McGurk,Batsman,2025,90000000.0,AOSXO8
Aiden Markram,Batsman,2025,20000000.0,MHI7AD
Devdutt Padikkal,Batsman,2025,20000000.0,W6SDBT
Rahul Tripathi,Batsman,2025,34000000.0,PEYJE5
Ravichandran Ashwin,All-Rounder,2025,97500000.0,GZIVCV
Venkatesh Iyer,All-Rounder,2025,237500000.0,8O8GUI
Mitchell Marsh,All-Rounder,2025,34000000.0,9Z4BID
Glenn Maxwell,All-Rounder,2025,42000000.0,3PR9PC
Harshal Patel,All-Rounder,2025,80000000.0,WI4F2M
Rachin Ravindra,All-Rounder,2025,40000000.0,01VG3J
Marcus Stoinis,All-Rounder,2025,110000000.0,PR7AJL
Quinton de Kock,Batsman,2025,36000000.0,F8WNFU
Rahmanullah Gurbaz,Batsman,2025,20000000.0,05SY19
Ishan Kishan,Batsman,2025,112500000.0,GJFURH
Phil Salt,Batsman,2025,115000000.0,K7RQYK
Jitesh Sharma,Batsman,2025,110000000.0,6ENOKG
Khaleel Ahmed,Bowler,2025,48000000.0,71ZVQT
Trent Boult,Bowler,2025,125000000.0,KC6XYT
Josh Hazlewood,Bowler,2025,125000000.0,IA3RL6
Avesh Khan,Bowler,2025,97500000.0,AT1H8M
Prasidh Krishna,Bowler,2025,95000000.0,EJMUNV
T Natarajan,Bowler,2025,107500000.0,6SAAQZ
Anrich Nortje,Bowler,2025,65000000.0,U0O5HT
Noor Ahmad,Bowler,2025,100000000.0,ZNO879
Rahul Chahar,Bowler,2025,32000000.0,2MTMU9
Wanindu Hasaranga,Bowler,2025,52500000.0,SHWL9H
Maheesh Theekshana,Bowler,2025,44000000.0,7DM32H
Adam Zampa,Bowler,2025,24000000.0,EKGC7V
Abhinav Manohar,Batsman,2025,32000000.0,7SE5R9
Karun Nair,Batsman,2025,5000000.0,T3678E
Angkrish Raghuvanshi,Batsman,2025,30000000.0,WJCPOP
Atharva Taide,Batsman,2025,3000000.0,1BUBE9
Nehal Wadhera,Batsman,2025,42000000.0,WLDDJ8
Harpreet Brar,All-Rounder,2025,15000000.0,ANCNX1
Naman Dhir,All-Rounder,2025,52500000.0,RAOOK7
Mahipal Lomror,All-Rounder,2025,17000000.0,9AWVXR
Sameer Rizvi,All-Rounder,2025,9500000.0,XVLKTK
Abdul Samad,All-Rounder,2025,42000000.0,RH7L23
Vijay Shankar,All-Rounder,2025,12000000.0,B8LU1C
Ashutosh Sharma,All-Rounder,2025,38000000.0,EHCXPR
Nishant Sindhu,All-Rounder,2025,3000000.0,UWDMBL
Aryan Juyal,Batsman,2025,3000000.0,6SCDQE
Kumar Kushagra,Batsman,2025,6500000.0,394FUK
Robin Minz,Batsman,2025,6500000.0,GDS1CN
Anuj Rawat,Batsman,2025,3000000.0,9KJFK7
Luvnith Sisodia,Batsman,2025,3000000.0,GG5I6Y
Vishnu Vinod,Batsman,2025,9500000.0,TATZCO
Vaibhav Arora,Bowler,2025,18000000.0,LZVFUB
Rasikh Salam,Bowler,2025,60000000.0,IWIY7A
Akash Madhwal,Bowler,2025,12000000.0,XR5Y1O
Mohit Sharma,Bowler,2025,22000000.0,QCN03N
Simarjeet Singh,Bowler,2025,15000000.0,WYVGC3
Yash Thakur,Bowler,2025,16000000.0,J7H5HS
Vijaykumar Vyshak,Bowler,2025,18000000.0,J2747B
Shreyas Gopal,Bowler,2025,3000000.0,BI3SEX
Mayank Markande,Bowler,2025,3000000.0,VK17I4
Suyash Sharma,Bowler,2025,26000000.0,4S93FL
Karn Sharma,Bowler,2025,5000000.0,6M33O3
Kumar Kartikeya,Bowler,2025,3000000.0,E0KZSZ
Manav Suthar,Bowler,2025,3000000.0,X2AGGQ
Faf du Plessis,Batsman,2025,20000000.0,Y6HKVZ
Glenn Phillips,Batsman,2025,20000000.0,QNZHYG
Rovman Powell,Batsman,2025,15000000.0,CPA4TA
Ajinkya Rahane,Batsman,2025,15000000.0,6DY5F1
Sam Curran,All-Rounder,2025,24000000.0,9GNC27
Marco Jansen,All-Rounder,2025,70000000.0,DLKBW8
Krunal Pandya,All-Rounder,2025,57500000.0,BEVT27
Nitish Rana,All-Rounder,2025,42000000.0,BH3FJ4
Washington Sundar,All-Rounder,2025,32000000.0,CX3CLY
Donovan Ferreira,Batsman,2025,7500000.0,KTW19K
Josh Inglis,Batsman,2025,26000000.0,Z04QHI
Ryan Rickelton,Batsman,2025,10000000.0,9ZLX0Y
Deepak Chahar,Bowler,2025,92500000.0,HCMOIN
Gerald Coetzee,Bowler,2025,24000000.0,8D5W1L
Akash Deep,Bowler,2025,80000000.0,BTVW99
Tushar Deshpande,Bowler,2025,65000000.0,3HZ41I
Lockie Ferguson,Bowler,2025,20000000.0,F9D61D
Bhuvneshwar Kumar,Bowler,2025,107500000.0,LT8GWR
Mukesh Kumar,Bowler,2025,80000000.0,VC5KX6
AM Ghazanfar,Bowler,2025,48000000.0,5DX4SK
Swastik Chikara,Batsman,2025,3000000.0,ACVH6A
Shubham Dubey,Batsman,2025,8000000.0,IODMKE
Shaik Rasheed,Batsman,2025,3000000.0,PTV2UD
Himmat Singh,Batsman,2025,3000000.0,4FTYWT
Anshul Kamboj,All-Rounder,2025,34000000.0,JHCRWJ
Arshad Khan,All-Rounder,2025,13000000.0,0E98FG
Darshan Nalkande,All-Rounder,2025,3000000.0,DH3CYK
Anukul Roy,All-Rounder,2025,4000000.0,Z0WJPJ
Swapnil Singh,All-Rounder,2025,5000000.0,52EP0J
Vansh Bedi,Batsman,2025,5500000.0,FMS3A7
Kunal Singh Rathore,Batsman,2025,3000000.0,Q6O8V9
Gurnoor Brar,Bowler,2025,13000000.0,N0STFB
Mukesh Choudhary,Bowler,2025,3000000.0,QQBQ6R
Arjun Tendulkar,Bowler,2025,3000000.0,C61SXA
Zeeshan Ansari,Bowler,2025,4000000.0,VFUS1A
Manimaran Siddharth,Bowler,2025,7500000.0,0L1KUH
Digvesh Singh,Bowler,2025,3000000.0,XB1C9R
Manish Pandey,Batsman,2025,7500000.0,E9A47M
Sherfane Rutherford,Batsman,2025,26000000.0,VKDBPP
Shahbaz Ahmed,All-Rounder,2025,24000000.0,53BKV3
Moeen Ali,All-Rounder,2025,20000000.0,9VHHII
Tim David,All-Rounder,2025,30000000.0,K4KNWF
Deepak Hooda,All-Rounder,2025,17000000.0,TDZYMR
Will Jacks,All-Rounder,2025,52500000.0,WVUXJK
Azmatullah Omarzai,All-Rounder,2025,24000000.0,LYF2Q3
Sai Kishore,All-Rounder,2025,20000000.0,4F4P5W
Romario Shepherd,All-Rounder,2025,15000000.0,WRXPXW
Spencer Johnson,Bowler,2025,28000000.0,4FGSCO
Umran Malik,Bowler,2025,7500000.0,2ZI81B
Ishant Sharma,Bowler,2025,7500000.0,JEP285
Nuwan Thushara,Bowler,2025,16000000.0,U6RIAX
Jaydev Unadkat,Bowler,2025,10000000.0,DPH377
Sachin Baby,Batsman,2025,3000000.0,NY9AHB
Harnoor Singh,Batsman,2025,3000000.0,UX7367
C Andre Siddarth,Batsman,2025,3000000.0,FEDIXJ
Yudhvir Singh,All-Rounder,2025,3500000.0,LRFGZZ
Rajvardhan Hangargekar,All-Rounder,2025,3000000.0,8OQNSM
Arshin Kulkarni,All-Rounder,2025,3000000.0,VYXSH8
Ashwani Kumar,Bowler,2025,3000000.0,VVNR1W
Akash Singh,Bowler,2025,3000000.0,9MPVI6
Gurjapneet Singh,Bowler,2025,22000000.0,CNSBAD
Matthew Breetzke,Batsman,2025,7500000.0,ZY0OVD
Mitchell Santner,All-Rounder,2025,20000000.0,Z597LC
Jayant Yadav,All-Rounder,2025,7500000.0,5GUP1I
Fazalhaq Farooqi,Bowler,2025,20000000.0,3T5800
Kwena Maphaka,Bowler,2025,15000000.0,1YZETB
Kuldeep Sen,Bowler,2025,8000000.0,CRUYZS
Reece Topley,Bowler,2025,7500000.0,AONKA9
Lizaad Williams,Bowler,2025,7500000.0,4M8ORR
Priyansh Arya,All-Rounder,2025,38000000.0,E4KN8X
Manoj Bhandage,All-Rounder,2025,3000000.0,MKRKZ8
Praveen Dubey,All-Rounder,2025,3000000.0,25AP4O
Ajay Mandal,All-Rounder,2025,3000000.0,PZYVVY
Vipraj Nigam,All-Rounder,2025,5000000.0,CN194M
Krishnan Shrijith,Batsman,2025,3000000.0,WL0YVE
Mohit Rathee,Bowler,2025,3000000.0,4Q63DU
Jacob Bethell,All-Rounder,2025,26000000.0,GUO0K0
Brydon Carse,All-Rounder,2025,10000000.0,LDY68Q
Aaron Hardie,All-Rounder,2025,12500000.0,82U7I3
Kamindu Mendis,All-Rounder,2025,7500000.0,WYWP12
Dushmantha Chameera,Bowler,2025,7500000.0,G7ZSIC
Nathan Ellis,Bowler,2025,20000000.0,VT3K60
Shamar Joseph,Bowler,2025,7500000.0,UJ7BMA
Aniket Verma,Batsman,2025,3000000.0,6LWQY1
Raj Bawa,All-Rounder,2025,3000000.0,TY8NW0
Musheer Khan,All-Rounder,2025,3000000.0,N1CED5
Manvanth Kumar,All-Rounder,2025,3000000.0,T5IUTS
Suryansh Shedge,All-Rounder,2025,3000000.0,SWPK00
Kulwant Khejroliya,Bowler,2025,3000000.0,WJJ65Y
Prince Yadav,Bowler,2025,3000000.0,7QP1WU
Jamie Overton,All-Rounder,2025,15000000.0,V1MWPR
Xavier Bartlett,Bowler,2025,8000000.0,6RP0W0
Lungi Ngidi,Bowler,2025,10000000.0,OFBDPA
Kamlesh Nagarkoti,All-Rounder,2025,3000000.0,8Y1PSF
Abhinandan Singh,Bowler,2025,3000000.0,CIWF36
Karim Janat,All-Rounder,2025,7500000.0,29J9TC
Pyla Avinash,Batsman,2025,3000000.0,FPXGAS
Ramakrishna Ghosh,All-Rounder,2025,3000000.0,PEKWU0
Satyanarayana Raju,Bowler,2025,3000000.0,A0NIBP
Bevon Jacobs,Batsman,2025,3000000.0,GQ0FDW
Ashok Sharma,Bowler,2025,3000000.0,DPBUN8
Vaibhav Suryavanshi,Batsman,2025,11000000.0,YZMBH2
Eshan Malinga,Bowler,2025,12000000.0,GL49TV
Tripurana Vijay,All-Rounder,2025,3000000.0,HDEZQM
Madhav Tiwari,All-Rounder,2025,4000000.0,KK5YPN
Vignesh Puthur,All-Rounder,2025,3000000.0,LOTUY1
Jofra Archer,Bowler,2025,125000000.0,VROXC2
Avanish Rao Aravelly,Wicket-Keeper,2024,2000000.0,0NQ06E
Mustafizur Rahman,Bowler,2024,20000000.0,HRYYH1
Daryl Mitchell,All-Rounder,2024,140000000.0,QXHTRS
Sameer Rizvi,Batsman,2024,84000000.0,XVLKTK
Rachin Ravindra,All-Rounder,2024,18000000.0,01VG3J
Shardul Thakur,All-Rounder,2024,40000000.0,75QCHD
Ricky Bhui,Wicket-Keeper,2024,2000000.0,MUPGFV
Sumit Kumar,All-Rounder,2024,10000000.0,4RR5YJ
Swastik Chhikara,Batsman,2024,2000000.0,2F4VUT
Jhye Richardson,Bowler,2024,50000000.0,ZUG143
Shai Hope,Wicket-Keeper,2024,7500000.0,CK6GN3
Rasikh Dar,Bowler,2024,2000000.0,CBEO14
Kumar Kushagra,Wicket-Keeper,2024,72000000.0,394FUK
Tristan Stubbs,Wicket-Keeper,2024,5000000.0,HJ6F0E
Harry Brook,Batsman,2024,40000000.0,83GWYW
Kartik Tyagi,Bowler,2024,6000000.0,R2JBXX
Spencer Johnson,Bowler,2024,100000000.0,4FGSCO
Manav Suthar,Bowler,2024,2000000.0,X2AGGQ
Robin Minz,Wicket-Keeper,2024,36000000.0,GDS1CN
Sushant Mishra,Bowler,2024,22000000.0,ZJZR5Y
Azmatullah Omarzai,All-Rounder,2024,5000000.0,LYF2Q3
Shahrukh Khan,All-Rounder,2024,74000000.0,J98YRK
Umesh Yadav,Bowler,2024,58000000.0,NNB2T6
Mujeeb Rahman,Bowler,2024,20000000.0,Z387JH
Manish Pandey,Batsman,2024,5000000.0,E9A47M
Gus Atkinson,Bowler,2024,10000000.0,5S6GRU
Angkrish Raghuvanshi,Batsman,2024,2000000.0,WJCPOP
Mitchell Starc,Bowler,2024,247500000.0,CC1XN0
Sherfane Rutherford,Batsman,2024,15000000.0,VKDBPP
Ramandeep Singh,All-Rounder,2024,2000000.0,IHWGFH
K.S. Bharat,Wicket-Keeper,2024,5000000.0,F4DYNV
Chetan Sakariya,Bowler,2024,5000000.0,0419KB
Sakib Hussain,Bowler,2024,2000000.0,GEROJC
Ashton Turner,Batsman,2024,10000000.0,VCO4ZK
David Willey,All-Rounder,2024,20000000.0,7TU0FR
M. Siddharth,Bowler,2024,24000000.0,2JOQDH
Shivam Mavi,Bowler,2024,64000000.0,28SZHS
Arshin Kulkarni,All-Rounder,2024,2000000.0,VYXSH8
Mohd. Arshad Khan,All-Rounder,2024,2000000.0,BJXV75
Dilshan Madushanka,Bowler,2024,46000000.0,8IME55
Shreyas Gopal,Bowler,2024,2000000.0,BI3SEX
Shivalik Sharma,All-Rounder,2024,2000000.0,VZ4SIV
Anshul Kamboj,All-Rounder,2024,2000000.0,JHCRWJ
Mohammad Nabi,All-Rounder,2024,15000000.0,TOKR92
Naman Dhir,All-Rounder,2024,2000000.0,RAOOK7
Nuwan Thushara,Bowler,2024,48000000.0,U6RIAX
Gerald Coetzee,All-Rounder,2024,50000000.0,8D5W1L
Chris Woakes,All-Rounder,2024,42000000.0,ON3DCX
Tanay Thyagarajann,All-Rounder,2024,2000000.0,ZGTUTU
Vishwanath Pratap Singh,All-Rounder,2024,2000000.0,PQMW3J
Ashutosh Sharma,All-Rounder,2024,2000000.0,EHCXPR
Shashank Singh,Batsman,2024,2000000.0,ZXA937
Rilee Rossouw,Batsman,2024,80000000.0,E7KL1K
Prince Choudhary,Bowler,2024,2000000.0,87T1T8
Harshal Patel,All-Rounder,2024,117500000.0,WI4F2M
Shubham Dubey,Batsman,2024,58000000.0,IODMKE
Rovman Powell,Batsman,2024,74000000.0,CPA4TA
Abid Mushtaq,All-Rounder,2024,2000000.0,RGMWAX
Nandre Burger,Bowler,2024,5000000.0,OPDABK
Tom Kohler-Cadmore,Wicket-Keeper,2024,4000000.0,CB5DPO
Lockie Ferguson,Bowler,2024,20000000.0,F9D61D
Tom Curran,All-Rounder,2024,15000000.0,U8MQJE
Saurav Chuahan,Batsman,2024,2000000.0,RG9TA5
Alzarri Joseph,Bowler,2024,115000000.0,OTXH10
Swapnil Singh,All-Rounder,2024,2000000.0,52EP0J
Yash Dayal,Bowler,2024,50000000.0,SOCG50
Jhathavedh Subramanyan,Bowler,2024,2000000.0,9MXTZP
Akash Singh,Bowler,2024,2000000.0,9MPVI6
Jaydev Unadkat,Bowler,2024,16000000.0,DPH377
Wanindu Hasaranga,All-Rounder,2024,15000000.0,SHWL9H
Pat Cummins,All-Rounder,2024,205000000.0,Y99G1S
Travis Head,Batsman,2024,68000000.0,80VEMA
Ben Stokes,All-Rounder,2023,162500000.0,4FHAZN
Ravindra Jadeja,All-Rounder,2023,160000000.0,GT0O7G
Deepak Chahar,Bowler,2023,140000000.0,HCMOIN
MS Dhoni,Wicket-Keeper,2023,120000000.0,C1RZ7R
Moeen Ali,All-Rounder,2023,80000000.0,9VHHII
Ambati Rayudu,Batsman,2023,67500000.0,78CV12
Ruturaj Gaikwad,Batsman,2023,60000000.0,55W3CZ
Shivam Dube,All-Rounder,2023,40000000.0,7HGK5B
Mitchell Santner,All-Rounder,2023,19000000.0,Z597LC
Rajvardhan Hangargekar,Bowler,2023,15000000.0,8OQNSM
Prashant Solanki,Bowler,2023,12000000.0,XSGVH4
Kyle Jamieson,Bowler,2023,10000000.0,VAVS6Y
Devon Conway,Batsman,2023,10000000.0,4IUN9W
Maheesh Theekshana,Bowler,2023,7000000.0,7DM32H
Nishant Sindhu,All-Rounder,2023,6000000.0,UWDMBL
Ajinkya Rahane,Batsman,2023,5000000.0,6DY5F1
Dwaine Pretorius,All-Rounder,2023,5000000.0,L6W6G1
Matheesha Pathirana,Bowler,2023,2000000.0,WRA3S4
Mukesh Choudhary,Bowler,2023,2000000.0,QQBQ6R
Shaik Rasheed,Batsman,2023,2000000.0,PTV2UD
Simarjeet Singh,Bowler,2023,2000000.0,WYVGC3
Subhranshu Senapati,Batsman,2023,2000000.0,NXEV1T
Bhagath Varma,All-Rounder,2023,2000000.0,AJSGM1
Ajay Mandal,All-Rounder,2023,2000000.0,PZYVVY
Tushar Deshpande,Bowler,2023,2000000.0,3HZ41I
Rishabh Pant,Wicket-Keeper,2023,160000000.0,DG3ZZP
Axar Patel,All-Rounder,2023,120000000.0,IV89KK
Prithvi Shaw,Batsman,2023,80000000.0,BLOK4Z
Mitchell Marsh,All-Rounder,2023,65000000.0,9Z4BID
Anrich Nortje,Bowler,2023,65000000.0,U0O5HT
David Warner,Batsman,2023,62500000.0,AAVQOQ
Mukesh Kumar,Bowler,2023,55000000.0,VC5KX6
Khaleel Ahmed,Bowler,2023,52500000.0,71ZVQT
Rilee Rossouw,Batsman,2023,46000000.0,E7KL1K
Chetan Sakariya,Bowler,2023,42000000.0,0419KB
Rovman Powell,Batsman,2023,28000000.0,CPA4TA
Manish Pandey,Batsman,2023,24000000.0,E9A47M
Mustafizur Rahman,Bowler,2023,20000000.0,HRYYH1
Kuldeep Yadav,Bowler,2023,20000000.0,03GUM9
Philip Salt,Wicket-Keeper,2023,20000000.0,VN9OXV
Kamlesh Nagarkoti,Bowler,2023,11000000.0,8Y1PSF
Lalit Yadav,All-Rounder,2023,6500000.0,J5WXIL
Ishant Sharma,Bowler,2023,5000000.0,JEP285
Lungi Ngidi,Bowler,2023,5000000.0,OFBDPA
Pravin Dubey,Bowler,2023,5000000.0,KWA61J
Yash Dhull,Batsman,2023,5000000.0,9XS0LL
Ripal Patel,Batsman,2023,2000000.0,ZQYSEG
Aman Khan,All-Rounder,2023,2000000.0,GICO7O
Vicky Ostwal,Bowler,2023,2000000.0,YYUHH5
Sarfaraz Khan,Batsman,2023,2000000.0,30H9Y7
Hardik Pandya,All-Rounder,2023,150000000.0,GDL86G
Rashid Khan,Bowler,2023,150000000.0,EN4YHO
Rahul Tewatia,All-Rounder,2023,90000000.0,U9YPHI
Shubman Gill,Batsman,2023,80000000.0,83D7F9
Mohammad Shami,Bowler,2023,62500000.0,26VZ8P
Shivam Mavi,Bowler,2023,60000000.0,28SZHS
Josh Little,Bowler,2023,44000000.0,ZROR8K
Yash Dayal,Bowler,2023,32000000.0,SOCG50
Sai Kishore,All-Rounder,2023,30000000.0,4F4P5W
David Miller,Batsman,2023,30000000.0,7E9RI3
Abhinav Manohar,Batsman,2023,26000000.0,7SE5R9
Alzarri Joseph,Bowler,2023,24000000.0,OTXH10
Matthew Wade,Wicket-Keeper,2023,24000000.0,DA3IDF
Kane Williamson,Batsman,2023,20000000.0,6QMUV2
Wriddhiman Saha,Wicket-Keeper,2023,19000000.0,DXJ8BD
Jayant Yadav,Bowler,2023,17000000.0,5GUP1I
Vijay Shankar,All-Rounder,2023,14000000.0,B8LU1C
Srikar Bharat,Wicket-Keeper,2023,12000000.0,4XSPHW
Mohit Sharma,Bowler,2023,5000000.0,QCN03N
Odean Smith,All-Rounder,2023,5000000.0,K1DFF2
Noor Ahmad,Bowler,2023,3000000.0,ZNO879
Darshan Nalkande,Bowler,2023,2000000.0,DH3CYK
Urvil Patel,Wicket-Keeper,2023,2000000.0,I417WF
Sai Sudharsan,Batsman,2023,2000000.0,A207P4
Pradeep Sangwan,Bowler,2023,2000000.0,81B5DK
Andre Russell,All-Rounder,2023,160000000.0,JAQD3W
Shreyas Iyer,Batsman,2023,122500000.0,GBGXSM
Varun Chakaravarthy,Bowler,2023,120000000.0,97RTVR
Shardul Thakur,Bowler,2023,107500000.0,75QCHD
Lockie Ferguson,Bowler,2023,100000000.0,F9D61D
Venkatesh Iyer,All-Rounder,2023,80000000.0,8O8GUI
Nitish Rana,Batsman,2023,80000000.0,BH3FJ4
Sunil Narine,All-Rounder,2023,60000000.0,NG776H
Umesh Yadav,Bowler,2023,20000000.0,NNB2T6
Shakib Al Hasan,All-Rounder,2023,15000000.0,XM9JDH
Tim Southee,Bowler,2023,15000000.0,6V2OXI
David Wiese,All-Rounder,2023,10000000.0,CN3RG8
Narayan Jagadeesan,Wicket-Keeper,2023,9000000.0,M3THGL
Vaibhav Arora,Bowler,2023,6000000.0,LZVFUB
Rinku Singh,Batsman,2023,5500000.0,3HQYHW
Mandeep Singh,Batsman,2023,5000000.0,KXKTHE
Litton Das,Wicket-Keeper,2023,5000000.0,BC6TTJ
Rahmanullah Gurbaz,Wicket-Keeper,2023,5000000.0,05SY19
Suyash Sharma,Bowler,2023,2000000.0,4S93FL
Harshit Rana,Bowler,2023,2000000.0,0D985V
Anukul Roy,All-Rounder,2023,2000000.0,Z0WJPJ
Kulwant Khejroliya,Bowler,2023,2000000.0,WJJ65Y
KL Rahul,Batsman,2023,170000000.0,PJ7Z9K
Nicholas Pooran,Wicket-Keeper,2023,160000000.0,J5WCKS
Avesh Khan,Bowler,2023,100000000.0,AT1H8M
Marcus Stoinis,All-Rounder,2023,100000000.0,PR7AJL
Krunal Pandya,All-Rounder,2023,82500000.0,BEVT27
Mark Wood,Bowler,2023,75000000.0,KDZ9FO
Quinton de Kock,Wicket-Keeper,2023,67500000.0,F8WNFU
Deepak Hooda,All-Rounder,2023,57500000.0,TDZYMR
Ravi Bishnoi,Bowler,2023,40000000.0,CBNHEQ
Krishnappa Gowtham,All-Rounder,2023,9000000.0,JCUVUJ
Daniel Sams,All-Rounder,2023,7500000.0,ZG88AY
Amit Mishra,Bowler,2023,5000000.0,C8D35W
Jaydev Unadkat,Bowler,2023,5000000.0,DPH377
Kyle Mayers,Batsman,2023,5000000.0,XHQD3P
Naveen-ul-Haq,Bowler,2023,5000000.0,U1BO3T
Romario Shepherd,All-Rounder,2023,5000000.0,WRXPXW
Yash Thakur,Bowler,2023,4500000.0,J7H5HS
Mohsin Khan,Bowler,2023,2000000.0,Y2UBXS
Ayush Badoni,Batsman,2023,2000000.0,IHUX6U
Karan Sharma,All-Rounder,2023,2000000.0,U35AZK
Yudhvir Singh,All-Rounder,2023,2000000.0,LRFGZZ
Mayank Yadav,Bowler,2023,2000000.0,B03VRP
Prerak Mankad,All-Rounder,2023,2000000.0,OKP02E
Swapnil Singh,All-Rounder,2023,2000000.0,52EP0J
Manan Vohra,Batsman,2023,2000000.0,WSLBQY
Cameron Green,All-Rounder,2023,175000000.0,H06OA9
Rohit Sharma,Batsman,2023,160000000.0,ANHP9F
Ishan Kishan,Wicket-Keeper,2023,152500000.0,GJFURH
Jasprit Bumrah,Bowler,2023,120000000.0,5ZAKDJ
Tim David,Batsman,2023,82500000.0,K4KNWF
Jofra Archer,Bowler,2023,80000000.0,VROXC2
Suryakumar Yadav,Batsman,2023,80000000.0,WQMNN1
Dewald Brevis,All-Rounder,2023,30000000.0,KEY7IU
Tilak Varma,Batsman,2023,17000000.0,JAN0MU
Jhye Richardson,Bowler,2023,15000000.0,ZUG143
Jason Behrendorff,Bowler,2023,7500000.0,JELS10
Piyush Chawla,Bowler,2023,5000000.0,2012W1
Arjun Tendulkar,Bowler,2023,3000000.0,C61SXA
Kumar Kartikeya,Bowler,2023,2000000.0,E0KZSZ
Duan Jansen,Bowler,2023,2000000.0,PJR6XP
Arshad Khan,Bowler,2023,2000000.0,0E98FG
Hrithik Shokeen,Bowler,2023,2000000.0,SOX9F6
Akash Madhwal,Bowler,2023,2000000.0,XR5Y1O
Raghav Goyal,Bowler,2023,2000000.0,3EAZWQ
Tristan Stubbs,Batsman,2023,2000000.0,HJ6F0E
Nehal Wadhera,All-Rounder,2023,2000000.0,WLDDJ8
Shams Mulani,All-Rounder,2023,2000000.0,F029H5
Ramandeep Singh,Batsman,2023,2000000.0,IHWGFH
Vishnu Vinod,Wicket-Keeper,2023,2000000.0,TATZCO
Sam Curran,All-Rounder,2023,185000000.0,9GNC27
Liam Livingstone,All-Rounder,2023,115000000.0,K6J2RG
Kagiso Rabada,Bowler,2023,92500000.0,VXKZS9
Shahrukh Khan,Batsman,2023,90000000.0,J98YRK
Shikhar Dhawan,Batsman,2023,82500000.0,NCMDPL
Jonny Bairstow,Wicket-Keeper,2023,67500000.0,4S5BN0
Rahul Chahar,Bowler,2023,52500000.0,2MTMU9
Arshdeep Singh,Bowler,2023,40000000.0,ICFG1Z
Harpreet Brar,Bowler,2023,38000000.0,ANCNX1
Raj Bawa,All-Rounder,2023,20000000.0,GXQLF8
Nathan Ellis,Bowler,2023,7500000.0,VT3K60
Prabhsimran Singh,Wicket-Keeper,2023,6000000.0,KVRMNM
Rishi Dhawan,All-Rounder,2023,5500000.0,EAJWLR
Sikandar Raza,All-Rounder,2023,5000000.0,64SSEW
Bhanuka Rajapaksa,Batsman,2023,5000000.0,9I9RKI
Harpreet Singh Bhatia,Batsman,2023,4000000.0,H1RXOB
Atharva Taide,Batsman,2023,2000000.0,1BUBE9
Mohit Rathee,All-Rounder,2023,2000000.0,4Q63DU
Shivam Singh,All-Rounder,2023,2000000.0,OPANKS
Vidhwath Kaverappa,Bowler,2023,2000000.0,IZPQ8T
Jitesh Sharma,Wicket-Keeper,2023,2000000.0,6ENOKG
Baltej Singh,Bowler,2023,2000000.0,F6TTU9
Virat Kohli,Batsman,2023,150000000.0,PW30OT
Glenn Maxwell,All-Rounder,2023,110000000.0,3PR9PC
Harshal Patel,Bowler,2023,107500000.0,WI4F2M
Wanindu Hasaranga,All-Rounder,2023,107500000.0,SHWL9H
Josh Hazlewood,Bowler,2023,77500000.0,IA3RL6
Faf du Plessis,Batsman,2023,70000000.0,Y6HKVZ
Mohammed Siraj,Bowler,2023,70000000.0,ZUUU7T
Dinesh Karthik,Wicket-Keeper,2023,55000000.0,QTJ5DD
Anuj Rawat,Wicket-Keeper,2023,34000000.0,9KJFK7
Will Jacks,Batsman,2023,32000000.0,WVUXJK
Shahbaz Ahmed,All-Rounder,2023,24000000.0,53BKV3
David Willey,Bowler,2023,20000000.0,7TU0FR
Reece Topley,Bowler,2023,19000000.0,AONKA9
Mahipal Lomror,All-Rounder,2023,9500000.0,9AWVXR
Finn Allen,Batsman,2023,8000000.0,JX60LZ
Siddarth Kaul,Bowler,2023,7500000.0,T1EMX4
Rajan Kumar,Bowler,2023,7000000.0,ZHRSAC
Avinash Singh,Bowler,2023,6000000.0,GQDRWL
Karn Sharma,Bowler,2023,5000000.0,6M33O3
Suyash Prabhudessai,Batsman,2023,3000000.0,4SBG65
Sonu Yadav,All-Rounder,2023,2000000.0,HQVZ7N
Manoj Bhandage,All-Rounder,2023,2000000.0,MKRKZ8
Akash Deep,Bowler,2023,2000000.0,BTVW99
Himanshu Sharma,Bowler,2023,2000000.0,546EPJ
Rajat Patidar,Batsman,2023,2000000.0,1BI2VX
Sanju Samson,Wicket-Keeper,2023,140000000.0,GXQLYB
Prasidh Krishna,Bowler,2023,100000000.0,EJMUNV
Jos Buttler,Wicket-Keeper,2023,100000000.0,EPO2DU
Shimron Hetmyer,Batsman,2023,85000000.0,XQA4IM
Trent Boult,Bowler,2023,80000000.0,KC6XYT
Devdutt Padikkal,Batsman,2023,77500000.0,W6SDBT
Yuzvendra Chahal,Bowler,2023,65000000.0,TL6N4F
Jason Holder,All-Rounder,2023,57500000.0,HH0ZKG
Ravichandran Ashwin,All-Rounder,2023,50000000.0,GZIVCV
Yashasvi Jaiswal,Batsman,2023,40000000.0,AIUTBG
Riyan Parag,Batsman,2023,38000000.0,KITRL7
Navdeep Saini,Bowler,2023,26000000.0,71QU59
Adam Zampa,Bowler,2023,15000000.0,EKGC7V
Joe Root,Batsman,2023,10000000.0,OWOZJ4
Obed McCoy,Bowler,2023,7500000.0,LXN2LB
D Ferreira,Wicket-Keeper,2023,5000000.0,GPQZIV
KM Asif,Bowler,2023,3000000.0,XFJBSZ
KC Cariappa,Bowler,2023,3000000.0,J3OOGK
Kuldeep Sen,Bowler,2023,2000000.0,CRUYZS
Dhruv Jurel,Wicket-Keeper,2023,2000000.0,D3SUIL
Kunal Singh Rathore,Wicket-Keeper,2023,2000000.0,Q6O8V9
Abdul Basith,All-Rounder,2023,2000000.0,DGKDAH
Akash Vasisht,All-Rounder,2023,2000000.0,3UN0P9
Murugan Ashwin,Bowler,2023,2000000.0,G4LAVL
Kuldip Yadav,Bowler,2023,2000000.0,8T8JFJ
Harry Brook,Batsman,2023,132500000.0,83GWYW
Washington Sundar,All-Rounder,2023,87500000.0,CX3CLY
Rahul Tripathi,Batsman,2023,85000000.0,PEYJE5
Mayank Agarwal,Batsman,2023,82500000.0,LL5KVF
Abhishek Sharma,All-Rounder,2023,65000000.0,FCO4DS
Heinrich Klaasen,Wicket-Keeper,2023,52500000.0,401D9A
Bhuvneshwar Kumar,Bowler,2023,42000000.0,LT8GWR
Marco Jansen,Bowler,2023,42000000.0,DLKBW8
Abdul Samad,Batsman,2023,40000000.0,RH7L23
Umran Malik,Bowler,2023,40000000.0,2ZI81B
T Natarajan,Bowler,2023,40000000.0,6SAAQZ
Kartik Tyagi,Bowler,2023,40000000.0,R2JBXX
Aiden Markram,Batsman,2023,26000000.0,MHI7AD
Vivrant Sharma,All-Rounder,2023,26000000.0,U54PWH
Adil Rashid,Bowler,2023,20000000.0,GDRWYO
Mayank Dagar,All-Rounder,2023,18000000.0,VNUNDC
Glenn Phillips,Wicket-Keeper,2023,15000000.0,QNZHYG
Akeal Hosein,Bowler,2023,10000000.0,4ZLAZI
Mayank Markande,Bowler,2023,5000000.0,VK17I4
Fazalhaq Farooqi,Bowler,2023,5000000.0,3T5800
Upendra Yadav,Wicket-Keeper,2023,2500000.0,93BO11
Sanvir Singh,All-Rounder,2023,2000000.0,7RKFCW
Samarth Vyas,All-Rounder,2023,2000000.0,60G57B
Nitish Kumar Reddy,Wicket-Keeper,2023,2000000.0,ZR6IAI
Anmolpreet Singh,Batsman,2023,2000000.0,G64IIE
Robin Uthappa,Batsman,2022,20000000.0,ZM72D6
Dwayne Bravo,All-Rounder,2022,44000000.0,G2KEBI
Ambati Rayudu,Wicket-Keeper,2022,67500000.0,78CV12
Deepak Chahar,Bowler,2022,140000000.0,HCMOIN
C.Hari Nishaanth,Batsman,2022,2000000.0,WXJQ1B
N. Jagadeesan,Wicket-Keeper,2022,2000000.0,55A1MW
K.M. Asif,Bowler,2022,2000000.0,TNQZ1T
Tushar Deshpande,Bowler,2022,2000000.0,3HZ41I
Shivam Dube,All-Rounder,2022,40000000.0,7HGK5B
Chris Jordan,All-Rounder,2022,36000000.0,RMKONX
Maheesh Theekshana,Bowler,2022,7000000.0,7DM32H
Rajvardhan Hangargekar,All-Rounder,2022,15000000.0,8OQNSM
Simarjeet Singh,Bowler,2022,2000000.0,WYVGC3
Devon Conway,Batsman,2022,10000000.0,4IUN9W
Dwaine Pretorius,All-Rounder,2022,5000000.0,L6W6G1
Mitchell Santner,All-Rounder,2022,19000000.0,Z597LC
Adam Milne,Bowler,2022,19000000.0,6D2OIR
Subhranshu Senapati,Batsman,2022,2000000.0,NXEV1T
Mukesh Choudhary,Bowler,2022,2000000.0,QQBQ6R
Prashant Solanki,Bowler,2022,12000000.0,XSGVH4
K.Bhagath Varma,All-Rounder,2022,2000000.0,XM57KU
David Warner,Batsman,2022,62500000.0,AAVQOQ
Mitchell Marsh,All-Rounder,2022,65000000.0,9Z4BID
Mustafizur Rahman,Bowler,2022,20000000.0,HRYYH1
Shardul Thakur,Bowler,2022,107500000.0,75QCHD
Kuldeep Yadav,Bowler,2022,20000000.0,03GUM9
Ashwin Hebbar,Batsman,2022,2000000.0,W08YSS
Sarfaraz Khan,All-Rounder,2022,2000000.0,30H9Y7
Kamlesh Nagarkoti,All-Rounder,2022,11000000.0,8Y1PSF
K.S. Bharat,Wicket-Keeper,2022,20000000.0,F4DYNV
Mandeep Singh,Batsman,2022,11000000.0,KXKTHE
Syed Khaleel Ahmed,Bowler,2022,52500000.0,IL53ZO
Lungisani Ngidi,Bowler,2022,5000000.0,FLTE9K
Chetan Sakariya,Bowler,2022,42000000.0,0419KB
Yash Dhull,All-Rounder,2022,5000000.0,9XS0LL
Vicky Ostwal,All-Rounder,2022,2000000.0,YYUHH5
Ripal Patel,All-Rounder,2022,2000000.0,ZQYSEG
Lalit Yadav,All-Rounder,2022,6500000.0,J5WXIL
Rovman Powell,Batsman,2022,28000000.0,CPA4TA
Tim Seifert,Wicket-Keeper,2022,5000000.0,2O7NX9
Pravin Dubey,All-Rounder,2022,5000000.0,KWA61J
Mohammad Shami,Bowler,2022,62500000.0,26VZ8P
David Miller,Batsman,2022,30000000.0,7E9RI3
Jason Roy,Batsman,2022,20000000.0,XDPG5Y
Wriddhiman Saha,Wicket-Keeper,2022,19000000.0,DXJ8BD
Matthew Wade,Wicket-Keeper,2022,24000000.0,DA3IDF
Lockie Ferguson,Bowler,2022,100000000.0,F9D61D
Abhinav Sadarangani,Batsman,2022,26000000.0,4AGL87
Rahul Tewatia,All-Rounder,2022,90000000.0,U9YPHI
Noor Ahmad,Bowler,2022,3000000.0,ZNO879
R. Sai Kishore,Bowler,2022,30000000.0,P3TU1V
Dominic Drakes,All-Rounder,2022,11000000.0,GO3W7Q
Vijay Shankar,All-Rounder,2022,14000000.0,B8LU1C
Jayant Yadav,All-Rounder,2022,17000000.0,5GUP1I
Darshan Nalkande,All-Rounder,2022,2000000.0,DH3CYK
Yash Dayal,Bowler,2022,32000000.0,SOCG50
B. Sai Sudharsan,All-Rounder,2022,2000000.0,O3P3YT
Gurkeerat Singh,All-Rounder,2022,5000000.0,DKNPQC
Alzarri Joseph,Bowler,2022,24000000.0,OTXH10
Varun Aaron,Bowler,2022,5000000.0,60BGMW
Pradeep Sangwan,All-Rounder,2022,2000000.0,81B5DK
Pat Cummins,All-Rounder,2022,72500000.0,Y99G1S
Shreyas Iyer,Batsman,2022,122500000.0,GBGXSM
Mohammad Nabi,All-Rounder,2022,10000000.0,TOKR92
Nitish Rana,All-Rounder,2022,80000000.0,BH3FJ4
Sam Billings,Wicket-Keeper,2022,20000000.0,FL6LTZ
Umesh Yadav,Bowler,2022,20000000.0,NNB2T6
Shivam Mavi,All-Rounder,2022,72500000.0,28SZHS
Sheldon Jackson,Wicket-Keeper,2022,6000000.0,JTIF6V
Ajinkya Rahane,Batsman,2022,10000000.0,6DY5F1
Rinku Singh,Batsman,2022,5500000.0,3HQYHW
Anukul Roy,All-Rounder,2022,2000000.0,Z0WJPJ
Alex Hales,Batsman,2022,15000000.0,3QNWIL
Rasikh Dar,Bowler,2022,2000000.0,CBEO14
Tim Southee,Bowler,2022,15000000.0,6V2OXI
Baba Indrajith,Wicket-Keeper,2022,2000000.0,JPVKZ3
Chamika Karunaratne,All-Rounder,2022,5000000.0,EE1DIO
Abhijeet Tomar,Batsman,2022,4000000.0,S9Q27P
Aman Khan,All-Rounder,2022,2000000.0,GICO7O
Ramesh Kumar,Batsman,2022,2000000.0,GV178A
Pratham Singh,Batsman,2022,2000000.0,DIBKKA
Ashok Sharma,Bowler,2022,5500000.0,DPBUN8
Quinton De Kock,Wicket-Keeper,2022,67500000.0,F8WNFU
Manish Pandey,Batsman,2022,46000000.0,E9A47M
Jason Holder,All-Rounder,2022,87500000.0,HH0ZKG
Deepak Hooda,All-Rounder,2022,57500000.0,TDZYMR
Krunal Pandya,All-Rounder,2022,82500000.0,BEVT27
Mark Wood,Bowler,2022,75000000.0,KDZ9FO
Avesh Khan,Bowler,2022,100000000.0,AT1H8M
Ankit Singh Rajpoot,Bowler,2022,5000000.0,QGFRKZ
K. Gowtham,All-Rounder,2022,9000000.0,3UIIQ5
Dushmanta Chameera,Bowler,2022,20000000.0,LH8R0G
Shahbaz Nadeem,Bowler,2022,5000000.0,4LXLKO
Manan Vohra,Batsman,2022,2000000.0,WSLBQY
Evin Lewis,Batsman,2022,20000000.0,JDW2FL
Mohsin Khan,Bowler,2022,2000000.0,Y2UBXS
Mayank Yadav,Bowler,2022,2000000.0,B03VRP
Ayush Badoni,All-Rounder,2022,2000000.0,IHUX6U
Kyle Mayers,All-Rounder,2022,5000000.0,XHQD3P
Karan Sharma,All-Rounder,2022,2000000.0,U35AZK
Ishan Kishan,Wicket-Keeper,2022,152500000.0,GJFURH
Dewald Brevis,Batsman,2022,30000000.0,KEY7IU
Anmolpreet Singh,Batsman,2022,2000000.0,G64IIE
Basil Thampi,Bowler,2022,3000000.0,BQTMVH
Murugan Ashwin,Bowler,2022,16000000.0,G4LAVL
Jaydev Unadkat,Bowler,2022,13000000.0,DPH377
Mayank Markande,Bowler,2022,6500000.0,VK17I4
N. Tilak Varma,All-Rounder,2022,17000000.0,17GK5H
Sanjay Yadav,All-Rounder,2022,5000000.0,0JPMAL
Jofra Archer,All-Rounder,2022,80000000.0,VROXC2
Daniel Sams,All-Rounder,2022,26000000.0,ZG88AY
Tymal Mills,Bowler,2022,15000000.0,NJVF2C
Tim David,All-Rounder,2022,82500000.0,K4KNWF
Ramandeep Singh,All-Rounder,2022,2000000.0,IHWGFH
Aryan Juyal,Wicket-Keeper,2022,2000000.0,6SCDQE
Fabian Allen,All-Rounder,2022,7500000.0,DJ7IAO
Riley Meredith,Bowler,2022,10000000.0,TXML9S
Rahul Buddhi,Batsman,2022,2000000.0,ZLI9G3
Hrithik Shokeen,All-Rounder,2022,2000000.0,SOX9F6
Mohd. Arshad Khan,All-Rounder,2022,2000000.0,BJXV75
Arjun Tendulkar,All-Rounder,2022,3000000.0,C61SXA
Shikhar Dhawan,Batsman,2022,82500000.0,NCMDPL
Kagiso Rabada,Bowler,2022,92500000.0,VXKZS9
Jonny Bairstow,Wicket-Keeper,2022,67500000.0,4S5BN0
Rahul Chahar,Bowler,2022,52500000.0,2MTMU9
Harpreet Brar,All-Rounder,2022,38000000.0,ANCNX1
Shahrukh Khan,All-Rounder,2022,90000000.0,J98YRK
Jitesh Sharma,Wicket-Keeper,2022,2000000.0,6ENOKG
Prabhsimran Singh,Wicket-Keeper,2022,6000000.0,KVRMNM
Ishan Porel,Bowler,2022,2500000.0,ZPPGN6
Liam Livingstone,All-Rounder,2022,115000000.0,K6J2RG
Odean Smith,All-Rounder,2022,60000000.0,K1DFF2
Sandeep Sharma,Bowler,2022,5000000.0,6H1TA0
Raj Angad Bawa,All-Rounder,2022,20000000.0,J0832E
Rishi Dhawan,All-Rounder,2022,5500000.0,EAJWLR
Nathan Ellis,Bowler,2022,7500000.0,VT3K60
Prerak Mankad,All-Rounder,2022,2000000.0,OKP02E
Atharva Taide,All-Rounder,2022,2000000.0,1BUBE9
Vaibhav Arora,Bowler,2022,20000000.0,LZVFUB
Bhanuka Rajapaksa,Batsman,2022,5000000.0,9I9RKI
Benny Howell,All-Rounder,2022,4000000.0,OPJY3F
Writtick Chatterjee,All-Rounder,2022,2000000.0,P88U0I
Baltej Dhanda,Bowler,2022,2000000.0,3DJ62J
Ansh Patel,All-Rounder,2022,2000000.0,BUFRLB
R. Ashwin,All-Rounder,2022,50000000.0,X9N054
Trent Boult,Bowler,2022,80000000.0,KC6XYT
Shimron Hetmyer,Batsman,2022,85000000.0,XQA4IM
Devdutt Padikkal,Batsman,2022,77500000.0,W6SDBT
Prasidh Krishna,Bowler,2022,100000000.0,EJMUNV
Yuzvendra Chahal,Bowler,2022,65000000.0,TL6N4F
Riyan Parag,All-Rounder,2022,38000000.0,KITRL7
K.C Cariappa,Bowler,2022,3000000.0,PEWPFM
James Neesham,All-Rounder,2022,15000000.0,T4K2GT
Nathan Coulter-Nile,Bowler,2022,20000000.0,DJDVNO
Navdeep Saini,Bowler,2022,26000000.0,71QU59
Kuldeep Sen,Bowler,2022,2000000.0,CRUYZS
Karun Nair,Batsman,2022,14000000.0,T3678E
Rassie Van Der Dussen,Batsman,2022,10000000.0,51OHDZ
Daryl Mitchell,All-Rounder,2022,7500000.0,QXHTRS
Obed Mccoy,Bowler,2022,7500000.0,LXN2LB
Dhruv Jurel,Wicket-Keeper,2022,2000000.0,D3SUIL
Tejas Baroka,Bowler,2022,2000000.0,781B0V
Kuldip Yadav,Bowler,2022,2000000.0,8T8JFJ
Shubham Garhwal,All-Rounder,2022,2000000.0,NNEVCK
Anunay Singh,All-Rounder,2022,2000000.0,7W178B
Faf Du Plessis,Batsman,2022,70000000.0,Y6HKVZ
Wanindu Hasaranga,All-Rounder,2022,107500000.0,SHWL9H
Harshal Patel,All-Rounder,2022,107500000.0,WI4F2M
Dinesh Karthik,Wicket-Keeper,2022,55000000.0,QTJ5DD
Josh Hazlewood,Bowler,2022,77500000.0,IA3RL6
Shahbaz Ahamad,All-Rounder,2022,24000000.0,G4VCJ6
Anuj Rawat,Wicket-Keeper,2022,34000000.0,9KJFK7
Akash Deep,Bowler,2022,2000000.0,BTVW99
Karn Sharma,Bowler,2022,5000000.0,6M33O3
Mahipal Lomror,All-Rounder,2022,9500000.0,9AWVXR
Finn Allen,Batsman,2022,8000000.0,JX60LZ
Sherfane Rutherford,All-Rounder,2022,10000000.0,VKDBPP
Jason Behrendorff,Bowler,2022,7500000.0,JELS10
Siddharth Kaul,Bowler,2022,7500000.0,R8XNSN
Suyash Prabhudessai,All-Rounder,2022,3000000.0,4SBG65
Luvnith Sisodia,Wicket-Keeper,2022,2000000.0,GG5I6Y
Chama Milind,Bowler,2022,2500000.0,7459M2
Aneeshwar Gautam,All-Rounder,2022,2000000.0,ZFSVDV
David Willey,All-Rounder,2022,20000000.0,7TU0FR
Washington Sundar,All-Rounder,2022,87500000.0,CX3CLY
Nicholas Pooran,Wicket-Keeper,2022,107500000.0,J5WCKS
Bhuvneshwar Kumar,Bowler,2022,42000000.0,LT8GWR
T. Natarajan,Bowler,2022,40000000.0,746BCU
Priyam Garg,Batsman,2022,2000000.0,3K0ALR
Rahul Tripathi,Batsman,2022,85000000.0,PEYJE5
Abhishek Sharma,All-Rounder,2022,65000000.0,FCO4DS
Vishnu Vinod,Wicket-Keeper,2022,5000000.0,TATZCO
Kartik Tyagi,Bowler,2022,40000000.0,R2JBXX
Shreyas Gopal,Bowler,2022,7500000.0,BI3SEX
Jagadeesha Suchith,Bowler,2022,2000000.0,WSCJTT
Aiden Markram,Batsman,2022,26000000.0,MHI7AD
Marco Jansen,All-Rounder,2022,42000000.0,DLKBW8
Romario Shepherd,All-Rounder,2022,77500000.0,WRXPXW
Glenn Phillips,Wicket-Keeper,2022,15000000.0,QNZHYG
Fazalhaq Farooqi,Bowler,2022,5000000.0,3T5800
Sean Abbott,Bowler,2022,24000000.0,KG51AQ
R Samarth,Batsman,2022,2000000.0,AHAFKQ
Shashank Singh,All-Rounder,2022,2000000.0,ZXA937
Saurabh Dubey,Bowler,2022,2000000.0,GLSIEN
Krishnappa Gowtham,All-Rounder,2021,92500000.0,JCUVUJ
Moeen Ali,All-Rounder,2021,70000000.0,9VHHII
Cheteshwar Pujara,Batsman,2021,5000000.0,R0OARU
K.Bhagath Varma,All-Rounder,2021,2000000.0,XM57KU
C Hari Nishaanth,Batsman,2021,2000000.0,RYT84S
M. Harisankar Reddy,Bowler,2021,2000000.0,XNXT4D
Tom Curran,All-Rounder,2021,52500000.0,U8MQJE
Steven Smith,Batsman,2021,22000000.0,JMS4C5
Sam Billings,Wicket-Keeper,2021,20000000.0,FL6LTZ
Umesh Yadav,Bowler,2021,10000000.0,NNB2T6
Ripal Patel,All-Rounder,2021,2000000.0,ZQYSEG
Vishnu Vinod,Wicket-Keeper,2021,2000000.0,TATZCO
Lukman Hussain Meriwala,Bowler,2021,2000000.0,0M56XI
M Siddharth,Bowler,2021,2000000.0,MQ27CS
Shakib Al Hasan,All-Rounder,2021,32000000.0,XM9JDH
Harbhajan Singh,Bowler,2021,20000000.0,OCH6MB
Ben Cutting,All-Rounder,2021,7500000.0,PQ51SZ
Karun Nair,Batsman,2021,5000000.0,T3678E
Pawan Negi,All-Rounder,2021,5000000.0,LO0MTO
Venkatesh Iyer,All-Rounder,2021,2000000.0,8O8GUI
Sheldon Jackson,Wicket-Keeper,2021,2000000.0,JTIF6V
Vaibhav Arora,Bowler,2021,2000000.0,LZVFUB
Nathan Coulter-Nile,Bowler,2021,50000000.0,DJDVNO
Adam Milne,Bowler,2021,32000000.0,6D2OIR
Piyush Chawla,Bowler,2021,24000000.0,2012W1
James Neesham,All-Rounder,2021,5000000.0,T4K2GT
Yudhvir Charak,All-Rounder,2021,2000000.0,S9E5A4
Marco Jansen,All-Rounder,2021,2000000.0,DLKBW8
Arjun Tendulkar,All-Rounder,2021,2000000.0,C61SXA
Jhye Richardson,Bowler,2021,140000000.0,ZUG143
Riley Meredith,Bowler,2021,80000000.0,TXML9S
Shahrukh Khan,All-Rounder,2021,52500000.0,J98YRK
Moises Henriques,All-Rounder,2021,42000000.0,MNZMC7
Dawid Malan,All-Rounder,2021,15000000.0,O7LUCL
Fabian Allen,All-Rounder,2021,7500000.0,DJ7IAO
Jalaj Saxena,All-Rounder,2021,3000000.0,WG7EU7
Saurabh Kumar,All-Rounder,2021,2000000.0,HRSW70
Utkarsh Singh,All-Rounder,2021,2000000.0,WY2TLK
Christopher Morris,All-Rounder,2021,162500000.0,D5QW1N
Shivam Dube,All-Rounder,2021,44000000.0,7HGK5B
Chetan Sakariya,Bowler,2021,12000000.0,0419KB
Mustafizur Rahman,Bowler,2021,10000000.0,HRYYH1
Liam Livingstone,All-Rounder,2021,7500000.0,K6J2RG
K.C Cariappa,Bowler,2021,2000000.0,PEWPFM
Akash Singh,Bowler,2021,2000000.0,9MPVI6
Kuldip Yadav,Bowler,2021,2000000.0,8T8JFJ
Kyle Jamieson,All-Rounder,2021,150000000.0,VAVS6Y
Glenn Maxwell,All-Rounder,2021,142500000.0,3PR9PC
Dan Christian,All-Rounder,2021,48000000.0,AWXUAW
Sachin Baby,Batsman,2021,2000000.0,NY9AHB
Rajat Patidar,Batsman,2021,2000000.0,1BI2VX
Mohammed Azharudeen,Wicket-Keeper,2021,2000000.0,45EHVU
Suyash Prabhudesai,All-Rounder,2021,2000000.0,DWO9YJ
Kona Srikar Bharat,Wicket-Keeper,2021,2000000.0,F2HRAQ
Kedar Jadhav,All-Rounder,2021,20000000.0,OMLLVO
Mujeeb Zadran,Bowler,2021,15000000.0,EV6AX3
J Suchith,Bowler,2021,3000000.0,Q1ZKWG
Piyush Chawla,Bowler,2020,67500000.0,2012W1
Sam Curran,All-Rounder,2020,55000000.0,9GNC27
Josh Hazlewood,Bowler,2020,20000000.0,IA3RL6
R. Sai Kishore,Bowler,2020,2000000.0,P3TU1V
Shimron Hetmyer,Batsman,2020,77500000.0,XQA4IM
Marcus Stoinis,All-Rounder,2020,48000000.0,PR7AJL
Alex Carey,Wicket-Keeper,2020,24000000.0,O6TD0N
Jason Roy,Batsman,2020,15000000.0,XDPG5Y
Chris Woakes,All-Rounder,2020,15000000.0,ON3DCX
Mohit Sharma,Bowler,2020,5000000.0,QCN03N
Tushar Deshpande,Bowler,2020,2000000.0,3HZ41I
Lalit Yadav,All-Rounder,2020,2000000.0,J5WXIL
Glenn Maxwell,All-Rounder,2020,107500000.0,3PR9PC
Sheldon Cottrell,Bowler,2020,85000000.0,RL88FX
Chris Jordan,All-Rounder,2020,30000000.0,RMKONX
Ravi Bishnoi,Bowler,2020,20000000.0,CBNHEQ
Prabhsimran Singh,Wicket-Keeper,2020,5500000.0,KVRMNM
Deepak Hooda,All-Rounder,2020,5000000.0,TDZYMR
James Neesham,All-Rounder,2020,5000000.0,T4K2GT
Tajinder Dhillon,All-Rounder,2020,2000000.0,KQQHYY
Ishan Porel,Bowler,2020,2000000.0,ZPPGN6
Pat Cummins,All-Rounder,2020,155000000.0,Y99G1S
Eoin Morgan,Batsman,2020,52500000.0,QE2X1B
Varun Chakaravarthy,All-Rounder,2020,40000000.0,97RTVR
Tom Banton,Batsman,2020,10000000.0,5X77NG
Rahul Tripathi,Batsman,2020,6000000.0,PEYJE5
Chris Green,All-Rounder,2020,2000000.0,IN5IQ7
Nikhil Shankar Naik,Wicket-Keeper,2020,2000000.0,9AU58C
Pravin Tambe,Bowler,2020,2000000.0,8B11SF
M Siddharth,Bowler,2020,2000000.0,MQ27CS
Nathan Coulter-Nile,Bowler,2020,80000000.0,DJDVNO
Chris Lynn,Batsman,2020,20000000.0,0IV2DZ
Saurabh Tiwary,Batsman,2020,5000000.0,L9CWR5
Digvijay Deshmukh,All-Rounder,2020,2000000.0,FUOY6B
Prince Balwant Rai Singh,All-Rounder,2020,2000000.0,EQ0N00
Mohsin Khan,Bowler,2020,2000000.0,Y2UBXS
Robin Uthappa,Batsman,2020,30000000.0,ZM72D6
Jaydev Unadkat,Bowler,2020,30000000.0,DPH377
Yashasvi Jaiswal,All-Rounder,2020,24000000.0,AIUTBG
Kartik Tyagi,Bowler,2020,13000000.0,R2JBXX
Tom Curran,All-Rounder,2020,10000000.0,U8MQJE
Andrew Tye,Bowler,2020,10000000.0,GD0KIG
Anuj Rawat,Wicket-Keeper,2020,8000000.0,9KJFK7
David Miller,Batsman,2020,7500000.0,7E9RI3
Oshane Thomas,Bowler,2020,5000000.0,H84OY4
Anirudha Ashok Joshi,All-Rounder,2020,2000000.0,E7X6MG
Akash Singh,Bowler,2020,2000000.0,9MPVI6
Christopher Morris,All-Rounder,2020,100000000.0,D5QW1N
Aaron Finch,Batsman,2020,44000000.0,4V770X
Kane Richardson,Bowler,2020,40000000.0,GZ6FYU
Dale Steyn,Bowler,2020,20000000.0,HTJE1L
Isuru Udana,All-Rounder,2020,5000000.0,5L1REL
Shahbaz Ahamad,Wicket-Keeper,2020,2000000.0,G4VCJ6
Joshua Philippe,Wicket-Keeper,2020,2000000.0,DD6SQ4
Pavan Deshpande,All-Rounder,2020,2000000.0,KTNE3K
Mitchell Marsh,All-Rounder,2020,20000000.0,9Z4BID
Priyam Garg,Batsman,2020,19000000.0,3K0ALR
Virat Singh,Batsman,2020,19000000.0,HAOJYF
Fabian Allen,All-Rounder,2020,5000000.0,DJ7IAO
Sandeep Bavanaka,All-Rounder,2020,2000000.0,B0NNPB
Sanjay Yadav,All-Rounder,2020,2000000.0,0JPMAL
Abdul Samad,All-Rounder,2020,2000000.0,RH7L23
Mohit Sharma,Bowler,2019,50000000.0,QCN03N
Ruturaj Gaikwad,Batsman,2019,2000000.0,55W3CZ
Colin Ingram,Batsman,2019,64000000.0,9HKXT9
Axar Rajesh Patel,All-Rounder,2019,50000000.0,Z2U74R
Hanuma Vihari,Batsman,2019,20000000.0,S7C6XX
Sherfane Rutherford,All-Rounder,2019,20000000.0,VKDBPP
Ishant Sharma,Bowler,2019,11000000.0,JEP285
Keemo Paul,All-Rounder,2019,5000000.0,TM1SI3
Jalaj Saxena,All-Rounder,2019,2000000.0,WG7EU7
Ankush Bains,Wicket-Keeper,2019,2000000.0,JA61VE
Nathu Singh,Bowler,2019,2000000.0,NO3TCD
Bandaru Ayyappa,Bowler,2019,2000000.0,KYL6UC
Varun Chakaravarthy,All-Rounder,2019,84000000.0,97RTVR
Sam Curran,All-Rounder,2019,72000000.0,9GNC27
Mohammad Shami,Bowler,2019,48000000.0,26VZ8P
Prabhsimran Singh,Wicket-Keeper,2019,48000000.0,KVRMNM
Nicolas Pooran,Wicket-Keeper,2019,42000000.0,CE9R9J
Moises Henriques,All-Rounder,2019,10000000.0,MNZMC7
Hardus Viljoen,Bowler,2019,7500000.0,LY7SWQ
Darshan Nalkande,All-Rounder,2019,3000000.0,DH3CYK
Sarfaraz Naushad Khan,All-Rounder,2019,2500000.0,RFV4RC
Arshdeep Singh,Bowler,2019,2000000.0,ICFG1Z
Agnivesh Ayachi,All-Rounder,2019,2000000.0,9OACVE
Harpreet Brar,All-Rounder,2019,2000000.0,ANCNX1
M. Ashwin,Bowler,2019,2000000.0,MEV619
Carlos Brathwaite,All-Rounder,2019,50000000.0,5ULYJ6
Lockie Ferguson,Bowler,2019,16000000.0,F9D61D
Joe Denly,Batsman,2019,10000000.0,04FB2E
Harry Gurney,Bowler,2019,7500000.0,P2F1H9
Nikhil Shankar Naik,Wicket-Keeper,2019,2000000.0,9AU58C
Shrikant Mundhe,All-Rounder,2019,2000000.0,Y52RL0
Prithvi Raj Yarra,Bowler,2019,2000000.0,22L7N2
Anrich Nortje,Bowler,2019,2000000.0,U0O5HT
Barinder Singh Sran,Bowler,2019,34000000.0,DXJKPE
Lasith Malinga,Bowler,2019,20000000.0,8AY84H
Yuvraj Singh,All-Rounder,2019,10000000.0,OJX94P
Anmolpreet Singh,Batsman,2019,8000000.0,G64IIE
Pankaj Jaswal,All-Rounder,2019,2000000.0,898T51
Rasikh Dar,Bowler,2019,2000000.0,CBEO14
Jaydev Unadkat,Bowler,2019,84000000.0,DPH377
Varun Aaron,Bowler,2019,24000000.0,60BGMW
Oshane Thomas,Bowler,2019,11000000.0,H84OY4
Ashton Turner,All-Rounder,2019,5000000.0,VCO4ZK
Liam Livingstone,All-Rounder,2019,5000000.0,K6J2RG
Shashank Singh,All-Rounder,2019,3000000.0,ZXA937
Riyan Parag,All-Rounder,2019,2000000.0,KITRL7
Manan Vohra,Batsman,2019,2000000.0,WSLBQY
Shubham Ranjane,All-Rounder,2019,2000000.0,V15DM1
Shivam Dube,All-Rounder,2019,50000000.0,7HGK5B
Shimron Hetmyer,Batsman,2019,42000000.0,XQA4IM
Akshdeep Nath,All-Rounder,2019,36000000.0,UY1E8G
Prayas Ray Barman,All-Rounder,2019,15000000.0,M87CJM
Himmat Singh,Batsman,2019,6500000.0,4FTYWT
Gurkeerat Singh Mann,All-Rounder,2019,5000000.0,TJMPWF
Heinrich Klaasen,Wicket-Keeper,2019,5000000.0,401D9A
Devdutt Padikkal,Batsman,2019,2000000.0,W6SDBT
Milind Kumar,All-Rounder,2019,2000000.0,F74FOJ
Jonny Bairstow,Wicket-Keeper,2019,22000000.0,4S5BN0
Wriddhiman Saha,Wicket-Keeper,2019,12000000.0,DXJ8BD
Martin Guptill,Batsman,2019,10000000.0,Z5P1QO
Kedar Jadhav,All-Rounder,2018,78000000.0,OMLLVO
Dwayne Bravo,All-Rounder,2018,64000000.0,G2KEBI
Karn Sharma,Bowler,2018,50000000.0,6M33O3
Shane Watson,All-Rounder,2018,40000000.0,HAGY9H
Shardul Narendra Thakur,Bowler,2018,26000000.0,QFKU1L
Ambati Rayudu,Wicket-Keeper,2018,22000000.0,78CV12
Murali Vijay,Batsman,2018,20000000.0,Q048VP
Harbhajan Singh,Bowler,2018,20000000.0,OCH6MB
Faf Du Plessis,Batsman,2018,16000000.0,Y6HKVZ
Mark Wood,Bowler,2018,15000000.0,KDZ9FO
Sam Billings,Wicket-Keeper,2018,10000000.0,FL6LTZ
Imran Tahir,Bowler,2018,10000000.0,61C0DU
Deepak Chahar,All-Rounder,2018,8000000.0,HCMOIN
Mitchell Santner,All-Rounder,2018,5000000.0,Z597LC
Lungisani Ngidi,Bowler,2018,5000000.0,FLTE9K
Asif K M,Bowler,2018,4000000.0,5WVAW3
N Jagadeesan,Wicket-Keeper,2018,2000000.0,QKTEJ6
Kanishk Seth,All-Rounder,2018,2000000.0,L0STXG
Monu Singh,Bowler,2018,2000000.0,Q6J23F
Dhruv Shorey,All-Rounder,2018,2000000.0,FGBFRA
Kshitiz Sharma,All-Rounder,2018,2000000.0,HWXYJ1
Chaitanya Bishnoi,All-Rounder,2018,2000000.0,RJ2P1V
Glenn Maxwell,All-Rounder,2018,90000000.0,3PR9PC
Kagiso Rabada,Bowler,2018,42000000.0,VXKZS9
Amit Mishra,Bowler,2018,40000000.0,C8D35W
Shahbaz Nadeem,Bowler,2018,32000000.0,4LXLKO
Vijay Shankar,All-Rounder,2018,32000000.0,B8LU1C
Rahul Tewatia,All-Rounder,2018,30000000.0,U9YPHI
Mohammad Shami,Bowler,2018,30000000.0,26VZ8P
Gautam Gambhir,Batsman,2018,28000000.0,5CTFLK
Trent Boult,Bowler,2018,22000000.0,KC6XYT
Colin Munro,All-Rounder,2018,19000000.0,874NTX
Daniel Christian,All-Rounder,2018,15000000.0,8AWOJN
Jason Roy,Batsman,2018,15000000.0,XDPG5Y
Naman Ojha,Wicket-Keeper,2018,14000000.0,ZNZT4P
Prithvi Shaw,Batsman,2018,12000000.0,BLOK4Z
Gurkeerat Singh Mann,All-Rounder,2018,7500000.0,TJMPWF
Avesh Khan,Bowler,2018,7000000.0,AT1H8M
Abhishek Sharma,All-Rounder,2018,5500000.0,FCO4DS
Jayant Yadav,All-Rounder,2018,5000000.0,5GUP1I
Harshal Patel,All-Rounder,2018,2000000.0,WI4F2M
Manjot Kalra,Batsman,2018,2000000.0,AZFWBZ
Sandeep Lamichhane,Bowler,2018,2000000.0,8SYXEL
Sayan Ghosh,Bowler,2018,2000000.0,204211
KL Rahul,Batsman,2018,110000000.0,PJ7Z9K
Ravichandran Ashwin,All-Rounder,2018,76000000.0,GZIVCV
Andrew Tye,Bowler,2018,72000000.0,GD0KIG
Aaron Finch,Batsman,2018,62000000.0,4V770X
Marcus Stoinis,All-Rounder,2018,62000000.0,PR7AJL
Karun Nair,Batsman,2018,56000000.0,T3678E
Mujeeb Zadran,Bowler,2018,40000000.0,EV6AX3
Ankit Singh Rajpoot,Bowler,2018,30000000.0,QGFRKZ
David Miller,Batsman,2018,30000000.0,7E9RI3
Mohit Sharma,Bowler,2018,24000000.0,QCN03N
Barinder Singh Sran,Bowler,2018,22000000.0,DXJKPE
Yuvraj Singh,All-Rounder,2018,20000000.0,OJX94P
Christopher Gayle,Batsman,2018,20000000.0,XNFN76
Ben Dwarshuis,Bowler,2018,14000000.0,8GJ0R2
Akshdeep Nath,All-Rounder,2018,10000000.0,UY1E8G
Manoj Tiwary,Batsman,2018,10000000.0,W62ASO
Mayank Agarwal,Batsman,2018,10000000.0,LL5KVF
Manzoor Dar,All-Rounder,2018,2000000.0,HE7VJ5
Pardeep Sahu,Bowler,2018,2000000.0,YABOJX
Mayank Dagar,All-Rounder,2018,2000000.0,VNUNDC
Chris Lynn,Batsman,2018,96000000.0,0IV2DZ
Mitchell Starc,Bowler,2018,94000000.0,CC1XN0
Dinesh Karthik,Wicket-Keeper,2018,74000000.0,QTJ5DD
Robin Uthappa,Wicket-Keeper,2018,64000000.0,ZM72D6
Kuldeep Singh Yadav,Bowler,2018,58000000.0,EBVRJ3
Piyush Chawla,Bowler,2018,42000000.0,2012W1
Nitish Rana,All-Rounder,2018,34000000.0,BH3FJ4
Kamlesh Nagarkoti,All-Rounder,2018,32000000.0,8Y1PSF
Shivam Mavi,All-Rounder,2018,30000000.0,28SZHS
Mitchell Johnson,Bowler,2018,20000000.0,NZMUON
Shubman Gill,Batsman,2018,18000000.0,83D7F9
Ranganath Vinay Kumar,Bowler,2018,10000000.0,D17I7Y
Rinku Singh,Batsman,2018,8000000.0,3HQYHW
Cameron Delport,All-Rounder,2018,3000000.0,LSI47E
Javon Searless,All-Rounder,2018,3000000.0,AVE64C
Apoorv Vijay Wankhade,Batsman,2018,2000000.0,TZZMA6
Ishank Jaggi,Batsman,2018,2000000.0,170YU1
Krunal Pandya,All-Rounder,2018,88000000.0,BEVT27
Ishan Kishan,Wicket-Keeper,2018,62000000.0,GJFURH
Kieron Pollard,All-Rounder,2018,54000000.0,SQEP14
Pat Cummins,Bowler,2018,54000000.0,Y99G1S
Evin Lewis,Batsman,2018,38000000.0,JDW2FL
Suryakumar Yadav,Batsman,2018,32000000.0,WQMNN1
Ben Cutting,All-Rounder,2018,22000000.0,PQ51SZ
Mustafizur Rahman,Bowler,2018,22000000.0,HRYYH1
Rahul Chahar,Bowler,2018,19000000.0,2MTMU9
Pradeep Sangwan,Bowler,2018,15000000.0,81B5DK
Jason Behrendorff,Bowler,2018,15000000.0,JELS10
Jean-Paul Duminy,All-Rounder,2018,10000000.0,BDWOV9
Saurabh Tiwary,Batsman,2018,8000000.0,L9CWR5
Tajinder Dhillon,All-Rounder,2018,5500000.0,KQQHYY
Akila Dhananjaya,Bowler,2018,5000000.0,P9ULV4
Nidheesh M D Dinesan,Bowler,2018,2000000.0,XQ5C31
Aditya Tare,Wicket-Keeper,2018,2000000.0,Z7LI2S
Siddhesh Dinesh Lad,Batsman,2018,2000000.0,1VINVW
Mayank Markande,Bowler,2018,2000000.0,VK17I4
Sharad Lumba,Batsman,2018,2000000.0,IXLFJI
Anukul Roy,All-Rounder,2018,2000000.0,Z0WJPJ
Mohsin Khan,Bowler,2018,2000000.0,Y2UBXS
Benjamin Stokes,All-Rounder,2018,125000000.0,WT00XO
Jaydev Unadkat,Bowler,2018,115000000.0,DPH377
Sanju Samson,Wicket-Keeper,2018,80000000.0,GXQLYB
Jofra Archer,All-Rounder,2018,72000000.0,VROXC2
Krishnappa Gowtham,Bowler,2018,62000000.0,JCUVUJ
Jos Buttler,Wicket-Keeper,2018,44000000.0,EPO2DU
Ajinkya Rahane,Batsman,2018,40000000.0,6DY5F1
Darcy Short,All-Rounder,2018,40000000.0,V6SWD5
Rahul Tripathi,Batsman,2018,34000000.0,PEYJE5
Dhawal Kulkarni,Bowler,2018,7500000.0,B5AH90
Zahir Khan Pakteen,Bowler,2018,6000000.0,GQT5VG
Ben Laughlin,Bowler,2018,5000000.0,KWTTOS
Stuart Binny,All-Rounder,2018,5000000.0,ND0F8X
Dushmantha Chameera,Bowler,2018,5000000.0,G7ZSIC
Anureet Singh,Bowler,2018,3000000.0,QBN6L1
Aryaman Vikram Birla,All-Rounder,2018,3000000.0,Y8Q5VK
Midhun S,All-Rounder,2018,2000000.0,YTDWBN
Shreyas Gopal,All-Rounder,2018,2000000.0,BI3SEX
Prashant Chopra,Wicket-Keeper,2018,2000000.0,6VBFH6
Jatin Saxena,All-Rounder,2018,2000000.0,QWFN6W
Ankit Sharma,All-Rounder,2018,2000000.0,517LWD
Mahipal Lomror,All-Rounder,2018,2000000.0,9AWVXR
Chris Woakes,All-Rounder,2018,74000000.0,ON3DCX
Yuzvendra Singh Chahal,Bowler,2018,60000000.0,1WMBDJ
Umesh Yadav,Bowler,2018,42000000.0,NNB2T6
Brendon McCullum,Batsman,2018,36000000.0,CDUW9H
M.S. Washington Sundar,All-Rounder,2018,32000000.0,3XF6XR
Navdeep Saini,Bowler,2018,30000000.0,71QU59
Quinton De Kock,Wicket-Keeper,2018,28000000.0,F8WNFU
Mohammed Siraj,Bowler,2018,26000000.0,ZUUU7T
Nathan Coulter-Nile,Bowler,2018,22000000.0,DJDVNO
Colin De Grandhomme,All-Rounder,2018,22000000.0,EMSURG
M. Ashwin,Bowler,2018,22000000.0,MEV619
Parthiv Patel,Wicket-Keeper,2018,17000000.0,DUFBV5
Moeen Ali,All-Rounder,2018,17000000.0,9VHHII
Mandeep Singh,All-Rounder,2018,14000000.0,KXKTHE
Manan Vohra,Batsman,2018,11000000.0,WSLBQY
Pawan Negi,All-Rounder,2018,10000000.0,LO0MTO
Tim Southee,Bowler,2018,10000000.0,6V2OXI
Kulwant Khejroliya,Bowler,2018,8500000.0,WJJ65Y
Aniket Choudhary,Bowler,2018,3000000.0,EAUJTU
Pavan Deshpande,All-Rounder,2018,2000000.0,KTNE3K
Anirudha Ashok Joshi,All-Rounder,2018,2000000.0,E7X6MG
Manish Pandey,Batsman,2018,110000000.0,E9A47M
Rashid Khan Arman,Bowler,2018,90000000.0,JHUQQP
Shikhar Dhawan,Batsman,2018,52000000.0,NCMDPL
Wriddhiman Saha,Wicket-Keeper,2018,50000000.0,DXJ8BD
Siddarth Kaul,Bowler,2018,38000000.0,T1EMX4
Deepak Hooda,All-Rounder,2018,36000000.0,TDZYMR
Syed Khaleel Ahmed,Bowler,2018,30000000.0,IL53ZO
Sandeep Sharma,Bowler,2018,30000000.0,6H1TA0
Kane Williamson,Batsman,2018,30000000.0,6QMUV2
Carlos Brathwaite,All-Rounder,2018,20000000.0,5ULYJ6
Shakib Al Hasan,All-Rounder,2018,20000000.0,XM9JDH
Yusuf Pathan,All-Rounder,2018,19000000.0,RHYMDX
Shreevats Goswami,Wicket-Keeper,2018,10000000.0,XAHZIW
Mohammad Nabi,All-Rounder,2018,10000000.0,TOKR92
Chris Jordan,All-Rounder,2018,10000000.0,RMKONX
Basil Thampi,Bowler,2018,9500000.0,BQTMVH
Billy Stanlake,Batsman,2018,5000000.0,42Q4OZ
T Natarajan,Bowler,2018,4000000.0,6SAAQZ
Sachin Baby,Batsman,2018,2000000.0,NY9AHB
Bipul Sharma,All-Rounder,2018,2000000.0,TAHT7E
Syed Mehdi Hasan,All-Rounder,2018,2000000.0,JI6WTR
Ricky Bhui,Batsman,2018,2000000.0,MUPGFV
Tanmay Agarwal,Batsman,2018,2000000.0,8YUOWC
Kagiso Rabada,Bowler,2017,50000000.0,VXKZS9
Patrick Cummins,Bowler,2017,45000000.0,YDA4MS
Angelo Mathews,All-Rounder,2017,20000000.0,EUWB5U
Corey Anderson,All-Rounder,2017,10000000.0,TS62B3
M. Ashwin,Bowler,2017,10000000.0,MEV619
Aditya Tare,Wicket-Keeper,2017,2500000.0,Z7LI2S
Ankeet Bawane,Batsman,2017,1000000.0,5EZ5YK
Navdeep Saini,Bowler,2017,1000000.0,71QU59
Shashank Singh,All-Rounder,2017,1000000.0,ZXA937
Jason Roy,Batsman,2017,10000000.0,XDPG5Y
Basil Thampi,Bowler,2017,8500000.0,BQTMVH
Manpreet Gony,Bowler,2017,6000000.0,ZYU06H
Nathu Singh,Bowler,2017,5000000.0,NO3TCD
Munaf Patel,Bowler,2017,3000000.0,CEBT6Z
Akshdeep Nath,All-Rounder,2017,1000000.0,UY1E8G
Shubam Agrawal,All-Rounder,2017,1000000.0,ARKHIY
Tejas Singh Baroka,Bowler,2017,1000000.0,GZ8X6F
Chirag Suri,Batsman,2017,1000000.0,P4RIAM
Pratham Singh,All-Rounder,2017,1000000.0,DIBKKA
Shelley Shaurya,Bowler,2017,1000000.0,V8OCOZ
T Natarajan,Bowler,2017,30000000.0,6SAAQZ
Varun Aaron,Bowler,2017,28000000.0,60BGMW
Eoin Morgan,Batsman,2017,20000000.0,QE2X1B
Matt Henry,Bowler,2017,5000000.0,AOXVQI
Martin Guptill,Batsman,2017,5000000.0,Z5P1QO
Darren Sammy,All-Rounder,2017,3000000.0,1AL7K6
Rahul Tewatia,All-Rounder,2017,2500000.0,U9YPHI
Rinku Singh,Batsman,2017,1000000.0,3HQYHW
Trent Boult,Bowler,2017,50000000.0,KC6XYT
Chris Woakes,All-Rounder,2017,42000000.0,ON3DCX
Nathan Coulter-Nile,Bowler,2017,35000000.0,DJDVNO
Rishi Dhawan,All-Rounder,2017,5500000.0,EAJWLR
Darren Bravo,Batsman,2017,5000000.0,3GCJHD
Rovman Powell,All-Rounder,2017,3000000.0,CPA4TA
Sayan Ghosh,Bowler,2017,1000000.0,204211
R. Sanjay Yadav,All-Rounder,2017,1000000.0,2U3LOD
Ishank Jaggi,Batsman,2017,1000000.0,170YU1
Karn Sharma,All-Rounder,2017,32000000.0,6M33O3
Krishnappa Gowtham,All-Rounder,2017,20000000.0,JCUVUJ
Mitchell Johnson,Bowler,2017,20000000.0,NZMUON
Asela Gunarathna,Batsman,2017,3000000.0,37QXJN
Saurabh Tiwary,Batsman,2017,3000000.0,L9CWR5
Nicolas Pooran,Wicket-Keeper,2017,3000000.0,CE9R9J
Kulwant Khejroliya,Bowler,2017,1000000.0,WJJ65Y
Benjamin Stokes,All-Rounder,2017,145000000.0,WT00XO
Daniel Christian,All-Rounder,2017,10000000.0,8AWOJN
Manoj Tiwary,Batsman,2017,5000000.0,W62ASO
Lockie Ferguson,Bowler,2017,5000000.0,F9D61D
Jaydev Unadkat,Bowler,2017,3000000.0,DPH377
Rahul Chahar,Bowler,2017,1000000.0,2MTMU9
Saurabh Kumar,Bowler,2017,1000000.0,HRSW70
Milind Tandon,All-Rounder,2017,1000000.0,G98TWL
Rahul Ajay Tripathi,All-Rounder,2017,1000000.0,AGWCNT
Tymal Mills,Bowler,2017,120000000.0,NJVF2C
Aniket Choudhary,Bowler,2017,20000000.0,EAUJTU
Pawan Negi,All-Rounder,2017,10000000.0,LO0MTO
Billy Stanlake,Bowler,2017,3000000.0,42Q4OZ
Praveen Dubey,All-Rounder,2017,1000000.0,25AP4O
Rashid Khan Arman,Bowler,2017,40000000.0,JHUQQP
Mohammed Siraj,Bowler,2017,26000000.0,ZUUU7T
Eklavya Dwivedi,Wicket-Keeper,2017,7500000.0,FJOAUN
Chris Jordan,All-Rounder,2017,5000000.0,RMKONX
Mohammad Nabi,All-Rounder,2017,3000000.0,TOKR92
Ben Laughlin,Bowler,2017,3000000.0,KWTTOS
Pravin Tambe,Bowler,2017,1000000.0,8B11SF
Tanmay Agarwal,Batsman,2017,1000000.0,8YUOWC
Pawan Negi,All-Rounder,2016,85000000.0,LO0MTO
Christopher Morris,All-Rounder,2016,70000000.0,D5QW1N
Sanju Samson,Wicket-Keeper,2016,42000000.0,GXQLYB
Carlos Brathwaite,All-Rounder,2016,42000000.0,5ULYJ6
Karun Nair,Batsman,2016,40000000.0,T3678E
Rishabh Pant,Wicket-Keeper,2016,19000000.0,DG3ZZP
Joel Paris,Bowler,2016,3000000.0,YNY1U3
Sam Billings,Wicket-Keeper,2016,3000000.0,FL6LTZ
Chama Milind,Bowler,2016,1000000.0,7459M2
Pratyush Singh,All-Rounder,2016,1000000.0,MA08YY
Mahipal Lomror,All-Rounder,2016,1000000.0,9AWVXR
Syed Khaleel Ahmed,All-Rounder,2016,1000000.0,IL53ZO
Akhil Arvind Herwadkar,All-Rounder,2016,1000000.0,SY3UK4
Pawan Suyal,Bowler,2016,1000000.0,P5MLXO
Praveen Kumar,Bowler,2016,35000000.0,CIX6O9
Dale Steyn,Bowler,2016,23000000.0,HTJE1L
Dinesh Karthik,Wicket-Keeper,2016,23000000.0,QTJ5DD
Dwayne Smith,All-Rounder,2016,23000000.0,8XO9IY
Dhawal Kulkarni,Bowler,2016,20000000.0,B5AH90
Aaron Finch,Batsman,2016,10000000.0,4V770X
Eklavya Dwivedi,Wicket-Keeper,2016,10000000.0,FJOAUN
Andrew Tye,All-Rounder,2016,5000000.0,GD0KIG
Ishan Kishan,Wicket-Keeper,2016,3500000.0,GJFURH
Jaydev Shah,All-Rounder,2016,2000000.0,RX3XZ0
Shadab Jakati,All-Rounder,2016,2000000.0,3GJD2J
Pravin Tambe,Bowler,2016,2000000.0,8B11SF
Pradeep Sangwan,All-Rounder,2016,2000000.0,81B5DK
Amit Mishra,Bowler,2016,1000000.0,C8D35W
Shivil Kaushik,Bowler,2016,1000000.0,B33IM5
Akshdeep Nath,All-Rounder,2016,1000000.0,UY1E8G
Sarabjit Ladda,Bowler,2016,1000000.0,SV79RD
Umang Sharma,Batsman,2016,1000000.0,5XHZV3
Paras Dogra,Batsman,2016,1000000.0,IPCIIS
Mohit Sharma,Bowler,2016,65000000.0,QCN03N
Kyle Abbott,Bowler,2016,21000000.0,Z808R7
K.C. Cariappa,Bowler,2016,8000000.0,3R7OMP
Marcus Stoinis,All-Rounder,2016,5500000.0,PR7AJL
Farhaan Behardien,All-Rounder,2016,3000000.0,IUZU3L
Pardeep Sahu,All-Rounder,2016,1000000.0,YABOJX
Armaan Jaffer,Batsman,2016,1000000.0,1RUGK4
Swapnil Singh,All-Rounder,2016,1000000.0,52EP0J
Jaydev Unadkat,Bowler,2016,16000000.0,DPH377
Ankit Singh Rajpoot,Bowler,2016,15000000.0,QGFRKZ
John Hastings,Bowler,2016,13000000.0,BTY8SC
Jason Holder,All-Rounder,2016,7000000.0,HH0ZKG
Colin Munro,All-Rounder,2016,3000000.0,874NTX
Rajagopal Sathish,All-Rounder,2016,2000000.0,5XH9IF
Manan Ajay Sharma,All-Rounder,2016,1000000.0,7V94TI
Jos Buttler,Wicket-Keeper,2016,38000000.0,EPO2DU
Nathu Singh,Bowler,2016,32000000.0,NO3TCD
Tim Southee,Bowler,2016,25000000.0,6V2OXI
Krunal Pandya,All-Rounder,2016,20000000.0,BEVT27
Kishore Pramod Kamath,All-Rounder,2016,14000000.0,C2QTAA
Deepak Punia,All-Rounder,2016,1000000.0,6Y3F89
Jitesh Sharma,Wicket-Keeper,2016,1000000.0,6ENOKG
Mitchell Marsh,All-Rounder,2016,48000000.0,9Z4BID
M. Ashwin,Bowler,2016,45000000.0,MEV619
Ishant Sharma,Bowler,2016,38000000.0,JEP285
Kevin Pietersen,Batsman,2016,35000000.0,X0G2TU
Irfan Pathan,All-Rounder,2016,10000000.0,F77BZR
Thisara Perera,All-Rounder,2016,10000000.0,DK1GPR
Rajat Bhatia,All-Rounder,2016,6000000.0,0R67JX
Ashok Dinda,Bowler,2016,5000000.0,M1WV4R
Scott Boland,Bowler,2016,5000000.0,35I7KT
Peter Handscomb,Wicket-Keeper,2016,3000000.0,DN9TQE
Rudra Pratap Singh,Bowler,2016,3000000.0,C9L24Y
Adam Zampa,Bowler,2016,3000000.0,EKGC7V
Ishwar Chandra Pandey,Bowler,2016,2000000.0,CS6LND
Deepak Chahar,All-Rounder,2016,1000000.0,HCMOIN
Jaskaran Singh,Bowler,2016,1000000.0,W8GRC0
Baba Aparajith,All-Rounder,2016,1000000.0,TFS795
Ankush Bains,Wicket-Keeper,2016,1000000.0,JA61VE
Ankit Sharma,All-Rounder,2016,1000000.0,517LWD
Shane Watson,All-Rounder,2016,95000000.0,HAGY9H
Stuart Binny,All-Rounder,2016,20000000.0,ND0F8X
Kane Richardson,Bowler,2016,20000000.0,GZ6FYU
Samuel Badree,Bowler,2016,5000000.0,KJNXM5
Travis Head,Batsman,2016,5000000.0,80VEMA
Praveen Dubey,All-Rounder,2016,3500000.0,25AP4O
Vikramjeet Malik,Bowler,2016,2000000.0,LXH917
Akshay Karnewar,All-Rounder,2016,1000000.0,Q78FSN
Iqbal Abdullah,All-Rounder,2016,1000000.0,J9SS1G
Sachin Baby,Batsman,2016,1000000.0,NY9AHB
Vikas Tokas,Bowler,2016,1000000.0,239BOD
Yuvraj Singh,All-Rounder,2016,70000000.0,OJX94P
Ashish Nehra,Bowler,2016,55000000.0,MFOVFH
Deepak Hooda,All-Rounder,2016,42000000.0,TDZYMR
Mustafizur Rahman,Bowler,2016,14000000.0,HRYYH1
Aditya Tare,Wicket-Keeper,2016,12000000.0,Z7LI2S
Barinder Singh Sran,Bowler,2016,12000000.0,DXJKPE
Ben Cutting,All-Rounder,2016,5000000.0,PQ51SZ
Vijay Shankar,All-Rounder,2016,3500000.0,B8LU1C
Abhimanyu Mithun,Bowler,2016,3000000.0,TP8S5P
Tirumalasetti Suman,Batsman,2016,1000000.0,SVY3DQ
Michael Hussey,Batsman,2015,15000000.0,X5N6GB
Irfan Pathan,All-Rounder,2015,15000000.0,F77BZR
Rahul Sharma,Bowler,2015,3000000.0,S6XBL7
Kyle Abbott,Bowler,2015,3000000.0,Z808R7
Andrew Tye,Bowler,2015,2000000.0,GD0KIG
Pratyush Singh,All-Rounder,2015,1000000.0,MA08YY
Ankush Bains,Wicket-Keeper,2015,1000000.0,JA61VE
Eklavya Dwivedi,Wicket-Keeper,2015,1000000.0,FJOAUN
Yuvraj Singh,Batsman,2015,160000000.0,OJX94P
Angelo Mathews,All-Rounder,2015,75000000.0,EUWB5U
Zaheer Khan,Bowler,2015,40000000.0,P8YXOW
Amit Mishra,Bowler,2015,35000000.0,C8D35W
Shreyas Iyer,Batsman,2015,26000000.0,GBGXSM
Gurinder Sandhu,Bowler,2015,17000000.0,PM61WJ
Jaydev Unadkat,Bowler,2015,11000000.0,DPH377
Domnic Joseph Muthuswamy,Bowler,2015,7500000.0,XJ3TUB
Albie Morkel,All-Rounder,2015,3000000.0,2Q576E
Travis Head,Batsman,2015,3000000.0,80VEMA
Marcus Stoinis,All-Rounder,2015,2500000.0,PR7AJL
C.M. Gautam,Wicket-Keeper,2015,2000000.0,ON1IZT
Kona Srikar Bharat,Wicket-Keeper,2015,1000000.0,F2HRAQ
K.K. Jiyaz,Bowler,2015,1000000.0,0QA4RH
Murali Vijay,Batsman,2015,30000000.0,Q048VP
Nikhil Shankar Naik,Wicket-Keeper,2015,3000000.0,9AU58C
Yogesh Gowalkar,All-Rounder,2015,1000000.0,L8DZNQ
K.C. Cariappa,Bowler,2015,24000000.0,3R7OMP
James Neesham,All-Rounder,2015,5000000.0,T4K2GT
Brad Hogg,Bowler,2015,5000000.0,NHFPG7
Aditya Garhwal,All-Rounder,2015,2500000.0,1LXLF2
Sheldon Jackson,Batsman,2015,1500000.0,JTIF6V
Sumit Narwal,All-Rounder,2015,1000000.0,U9H5X5
Vaibhav Rawal,All-Rounder,2015,1000000.0,8FJDTU
Aaron Finch,Batsman,2015,32000000.0,4V770X
Pragyan Ojha,Bowler,2015,5000000.0,256EEH
Abhimanyu Mithun,Bowler,2015,3000000.0,TP8S5P
Mitchell McClenaghan,Bowler,2015,3000000.0,D1JNEQ
Aiden Blizzard,Batsman,2015,3000000.0,AGWUI5
Hardik Pandya,All-Rounder,2015,1000000.0,GDL86G
Akshay Wakhare,Bowler,2015,1000000.0,TSSNT9
Nitish Rana,All-Rounder,2015,1000000.0,BH3FJ4
Siddhesh Dinesh Lad,All-Rounder,2015,1000000.0,1VINVW
J. Suchitch,All-Rounder,2015,1000000.0,1IK0S6
Christopher Morris,All-Rounder,2015,14000000.0,D5QW1N
Juan Theron,Bowler,2015,3000000.0,BBXD37
Barinder Singh Saran,Bowler,2015,1000000.0,C78CQM
Dinesh Salunkhe,All-Rounder,2015,1000000.0,3EKCM6
Sagar Trivedi,All-Rounder,2015,1000000.0,PW5OZR
Pardeep Sahu,All-Rounder,2015,1000000.0,YABOJX
Dinesh Karthik,Wicket-Keeper,2015,105000000.0,QTJ5DD
Darren Sammy,All-Rounder,2015,28000000.0,1AL7K6
David Wiese,All-Rounder,2015,28000000.0,CN3RG8
Sean Abbott,Bowler,2015,10000000.0,KG51AQ
Adam Milne,Bowler,2015,7000000.0,6D2OIR
Sarfaraz Naushad Khan,Batsman,2015,5000000.0,RFV4RC
Subramaniam Badrinath,Batsman,2015,3000000.0,07A2UJ
Jalaj Saxena,All-Rounder,2015,1000000.0,WG7EU7
Shishir Bhavane,Batsman,2015,1000000.0,C5G2YI
Trent Boult,Bowler,2015,38000000.0,KC6XYT
Praveen Kumar,Bowler,2015,22000000.0,CIX6O9
Kevin Pietersen,Batsman,2015,20000000.0,X0G2TU
Eoin Morgan,Batsman,2015,15000000.0,QE2X1B
Ravi Bopara,All-Rounder,2015,10000000.0,2B0BSR
Kane Williamson,All-Rounder,2015,6000000.0,6QMUV2
Laxmi Ratan Shukla,All-Rounder,2015,3000000.0,TKVHK7
Prasanth Padmanabhan,All-Rounder,2015,1000000.0,2MJ8Y3
Hanuma Vihari,Batsman,2015,1000000.0,S7C6XX
Siddarth Kaul,Bowler,2015,1000000.0,T1EMX4
Faf Du Plessis,Batsman,2014,47500000.0,Y6HKVZ
Dwayne Smith,Batsman,2014,45000000.0,8XO9IY
Brendon McCullum,Wicket-Keeper,2014,32500000.0,CDUW9H
Ashish Nehra,Bowler,2014,20000000.0,MFOVFH
Mohit Sharma,Bowler,2014,20000000.0,QCN03N
Ishwar Chandra Pandey,Bowler,2014,15000000.0,CS6LND
Ben Hilfenhaus,Bowler,2014,10000000.0,CCLQPY
John Hastings,All-Rounder,2014,5000000.0,BTY8SC
Samuel Badree,Bowler,2014,3000000.0,KJNXM5
Matt Henry,Bowler,2014,3000000.0,AOXVQI
Mithun Manhas,All-Rounder,2014,3000000.0,20ZTJR
Vijay Shankar,All-Rounder,2014,1000000.0,B8LU1C
Ronit More,Bowler,2014,1000000.0,L8W3A4
Baba Aparajith,Batsman,2014,1000000.0,TFS795
Pawan Negi,Bowler,2014,1000000.0,LO0MTO
Dinesh Karthik,Wicket-Keeper,2014,125000000.0,QTJ5DD
Kevin Pietersen,Batsman,2014,90000000.0,X0G2TU
Murali Vijay,Batsman,2014,50000000.0,Q048VP
Mohammad Shami,Bowler,2014,42500000.0,26VZ8P
Nathan Coulter-Nile,Bowler,2014,42500000.0,DJDVNO
Quinton De Kock,Wicket-Keeper,2014,35000000.0,F8WNFU
Manoj Tiwary,Batsman,2014,28000000.0,W62ASO
Jaydev Unadkat,Bowler,2014,28000000.0,DPH377
Jean-Paul Duminy,Batsman,2014,22000000.0,BDWOV9
Ross Taylor,Batsman,2014,20000000.0,WHH4ES
Kedar Jadhav,Batsman,2014,20000000.0,OMLLVO
Rahul Sharma,Bowler,2014,19000000.0,S6XBL7
Mayank Agarwal,Batsman,2014,16000000.0,LL5KVF
Laxmi Ratan Shukla,All-Rounder,2014,15000000.0,TKVHK7
James Neesham,All-Rounder,2014,10000000.0,T4K2GT
Wayne Parnell,Bowler,2014,10000000.0,TVP18O
Shahbaz Nadeem,Bowler,2014,8500000.0,4LXLKO
Saurabh Tiwary,Batsman,2014,7000000.0,L9CWR5
Siddarth Kaul,Bowler,2014,4500000.0,T1EMX4
Rahul Shukla,Bowler,2014,4000000.0,OEQF47
Jayant Yadav,All-Rounder,2014,1000000.0,5GUP1I
HS Sharath,Bowler,2014,1000000.0,AQV0KC
Milind Kumar,Batsman,2014,1000000.0,F74FOJ
Mitchell Johnson,All-Rounder,2014,65000000.0,NZMUON
Glenn Maxwell,All-Rounder,2014,60000000.0,3PR9PC
George Bailey,Batsman,2014,32500000.0,1NS5CL
Virender Sehwag,Batsman,2014,32000000.0,DUDC9G
Rishi Dhawan,All-Rounder,2014,30000000.0,EAJWLR
Wriddhiman Saha,Wicket-Keeper,2014,22000000.0,DXJ8BD
Shaun Marsh,Batsman,2014,22000000.0,7GUPWA
Cheteshwar Pujara,Batsman,2014,19000000.0,R0OARU
Beuran Hendricks,Bowler,2014,18000000.0,E8VDP0
Lakshmipathy Balaji,Bowler,2014,18000000.0,5KX13M
Thisara Perera,All-Rounder,2014,16000000.0,DK1GPR
Gurkirat Singh Mann,Batsman,2014,13000000.0,L0P5RK
Murali Kartik,Bowler,2014,10000000.0,ILHT7T
Sandeep Sharma,Bowler,2014,8500000.0,6H1TA0
Mandeep Hardev Singh,All-Rounder,2014,8000000.0,NCQU1S
Akshar Rajesh Patel,All-Rounder,2014,7500000.0,TLVLS1
Parvinder Awana,Bowler,2014,6500000.0,CUQDDH
Shardul Narendra Thakur,Bowler,2014,2000000.0,QFKU1L
Anureet Singh,Bowler,2014,2000000.0,QBN6L1
Shivam Sharma,Bowler,2014,1000000.0,9HG1NE
Karanveer Singh,All-Rounder,2014,1000000.0,IQNW7N
Jacques Kallis,All-Rounder,2014,55000000.0,DO629Y
Robin Uthappa,Batsman,2014,50000000.0,ZM72D6
Piyush Chawla,Bowler,2014,42500000.0,2012W1
Yusuf Pathan,All-Rounder,2014,32500000.0,RHYMDX
Shakib Al Hasan,All-Rounder,2014,28000000.0,XM9JDH
Morne Morkel,Bowler,2014,28000000.0,801OIM
Ranganath Vinay Kumar,Bowler,2014,28000000.0,D17I7Y
Umesh Yadav,Bowler,2014,26000000.0,NNB2T6
Manish Pandey,Batsman,2014,17000000.0,E9A47M
Chris Lynn,Batsman,2014,13000000.0,0IV2DZ
Patrick Cummins,Bowler,2014,10000000.0,YDA4MS
Ryan Ten Doeschate,All-Rounder,2014,10000000.0,7IJKJQ
Suryakumar Yadav,Batsman,2014,7000000.0,WQMNN1
Andre Russell,All-Rounder,2014,6000000.0,JAQD3W
Manvinder Bisla,Wicket-Keeper,2014,6000000.0,ICHCNX
Veer Pratap Singh,Bowler,2014,4000000.0,ELUVLK
Kuldeep Singh Yadav,Bowler,2014,4000000.0,EBVRJ3
Debabrata Das,Wicket-Keeper,2014,2000000.0,1GVDM9
Sayan Sekhar Mandal,All-Rounder,2014,1000000.0,UQJOBL
Michael Hussey,Batsman,2014,50000000.0,X5N6GB
Corey Anderson,All-Rounder,2014,45000000.0,TS62B3
Pragyan Ojha,Bowler,2014,32500000.0,256EEH
Zaheer Khan,Bowler,2014,26000000.0,P8YXOW
Aditya Tare,Wicket-Keeper,2014,16000000.0,Z7LI2S
Jasprit Bumrah,Bowler,2014,12000000.0,5ZAKDJ
Jalaj Saxena,All-Rounder,2014,9000000.0,WG7EU7
Josh Hazlewood,Bowler,2014,5000000.0,IA3RL6
Marchant De Lange,Bowler,2014,3000000.0,7U49Z6
Krismar Santokie,Bowler,2014,3000000.0,L008GL
Ben Dunk,Wicket-Keeper,2014,2000000.0,8H2R9R
C.M. Gautam,Wicket-Keeper,2014,2000000.0,ON1IZT
Apoorv Vijay Wankhade,Batsman,2014,1000000.0,TZZMA6
Pawan Suyal,Bowler,2014,1000000.0,P5MLXO
Sushant Marathe,Wicket-Keeper,2014,1000000.0,AK0Z3R
Shreyas Gopal,Bowler,2014,1000000.0,BI3SEX
Steven Smith,All-Rounder,2014,40000000.0,JMS4C5
Brad Hodge,Batsman,2014,24000000.0,FESVBT
Rajat Bhatia,All-Rounder,2014,17000000.0,0R67JX
Tim Southee,Bowler,2014,12000000.0,6V2OXI
Dhawal Kulkarni,Bowler,2014,11000000.0,B5AH90
Abhishek Nayar,All-Rounder,2014,10000000.0,1TN22D
Kane Richardson,Bowler,2014,10000000.0,GZ6FYU
Ben Cutting,Bowler,2014,8000000.0,PQ51SZ
Karun Nair,Batsman,2014,7500000.0,T3678E
Unmukt Chand,Batsman,2014,6500000.0,2RG422
Iqbal Abdullah,All-Rounder,2014,6500000.0,J9SS1G
Deepak Hooda,Bowler,2014,4000000.0,TDZYMR
Dishant Yagnik,Wicket-Keeper,2014,3000000.0,ZCBTZ0
Kevon Cooper,All-Rounder,2014,3000000.0,Y1RF16
Vikramjeet Malik,Bowler,2014,2000000.0,LXH917
Ankit Nagendra Sharma,Bowler,2014,1000000.0,6URFDH
Rahul Tewatia,All-Rounder,2014,1000000.0,U9YPHI
Ankush Bains,Wicket-Keeper,2014,1000000.0,JA61VE
Amit Mishra,Bowler,2014,1000000.0,C8D35W
Pravin Tambe,Bowler,2014,1000000.0,8B11SF
Yuvraj Singh,All-Rounder,2014,140000000.0,OJX94P
Mitchell Starc,Bowler,2014,50000000.0,CC1XN0
Albie Morkel,All-Rounder,2014,24000000.0,2Q576E
Varun Aaron,Bowler,2014,20000000.0,60BGMW
Ashok Dinda,Bowler,2014,15000000.0,M1WV4R
Parthiv Patel,Wicket-Keeper,2014,14000000.0,DUFBV5
Muttiah Muralitharan,Bowler,2014,10000000.0,IQ2B0R
Ravi Rampaul,Bowler,2014,9000000.0,7QDKUS
Nic Maddinson,Batsman,2014,5000000.0,3AS7BI
Harshal Patel,Bowler,2014,4000000.0,WI4F2M
Vijay Zol,Batsman,2014,3000000.0,2DZ7DU
Abu Nechim Ahmed,Bowler,2014,3000000.0,L24EA5
Sachin Rana,Bowler,2014,2000000.0,UXU7E0
Shadab Jakati,Bowler,2014,2000000.0,3GJD2J
Sandeep Warrier,Bowler,2014,1000000.0,YBNHJN
Tanmay Mishra,Batsman,2014,1000000.0,TOXR7M
Yogesh Takawale,Wicket-Keeper,2014,1000000.0,RBTADC
Yuzvendra Singh Chahal,Bowler,2014,1000000.0,1WMBDJ
David Warner,Batsman,2014,55000000.0,AAVQOQ
Amit Mishra,Bowler,2014,47500000.0,C8D35W
Bhuvneshwar Kumar,Bowler,2014,42500000.0,LT8GWR
Aaron Finch,Batsman,2014,40000000.0,4V770X
Karn Sharma,Bowler,2014,37500000.0,6M33O3
Darren Sammy,All-Rounder,2014,35000000.0,1AL7K6
Ishant Sharma,Bowler,2014,26000000.0,JEP285
Irfan Pathan,All-Rounder,2014,24000000.0,F77BZR
Moises Henriques,All-Rounder,2014,10000000.0,MNZMC7
KL Rahul,Batsman,2014,10000000.0,PJ7Z9K
Parveez Rasool,All-Rounder,2014,9500000.0,MLL0HB
Jason Holder,Bowler,2014,7500000.0,HH0ZKG
Venugopal Rao,Batsman,2014,5500000.0,38YG0K
Naman Ojha,Wicket-Keeper,2014,5000000.0,ZNZT4P
Brendan Taylor,Wicket-Keeper,2014,3000000.0,IDUSFV
Prasanth Parameswaran,Bowler,2014,3000000.0,R64I51
Amit Paunikar,Wicket-Keeper,2014,2000000.0,23O25I
Ashish Reddy,Bowler,2014,2000000.0,L9REGF
Srikkanth Anirudha,Batsman,2014,2000000.0,T2RNT1
Ricky Bhui,Batsman,2014,1000000.0,MUPGFV
Chama Milind,Bowler,2014,1000000.0,7459M2
Manprit Juneja,Batsman,2014,1000000.0,Q0W2BR
Christopher Morris,All-Rounder,2013,46875000.0,D5QW1N
Dirk Nannes,Bowler,2013,45000000.0,PQMEU7
Ben Laughlin,Bowler,2013,1500000.0,KWTTOS
Akila Dananjaya,All-Rounder,2013,1500000.0,OORW53
Jason Holder,Bowler,2013,1500000.0,HH0ZKG
Jeevan Mendis,All-Rounder,2013,3750000.0,I8VR6T
Manpreet Gony,Bowler,2013,37500000.0,ZYU06H
Luke Pomersbach,Batsman,2013,22500000.0,SF8TFY
Sachithra Senanayaka,All-Rounder,2013,46875000.0,1BX8QG
Ryan McLaren,Bowler,2013,3750000.0,2ATFD7
Glenn Maxwell,All-Rounder,2013,75000000.0,3PR9PC
Nathan Coulter-Nile,Bowler,2013,33750000.0,DJDVNO
Ricky Ponting,Batsman,2013,30000000.0,0O66UC
Philip Hughes,Batsman,2013,7500000.0,0NX297
Jacob Oram,All-Rounder,2013,3750000.0,BK3S5C
Ajantha Mendis,Bowler,2013,54375000.0,AKQVW5
Kane Richardson,Bowler,2013,52500000.0,GZ6FYU
Abhishek Nayar,All-Rounder,2013,50625000.0,1TN22D
Michael Clarke,Batsman,2013,30000000.0,2N5KBL
James Faulkner,All-Rounder,2013,30000000.0,9UQA51
Fidel Edwards,Bowler,2013,15750000.0,TPBVTF
Kusal Janith Perera,Wicket-Keeper,2013,1500000.0,90FUCI
Jaydev Unadkat,Bowler,2013,39375000.0,DPH377
Rudra Pratap Singh,Bowler,2013,30000000.0,C9L24Y
Moises Henriques,All-Rounder,2013,22500000.0,MNZMC7
Ravi Rampaul,Bowler,2013,21750000.0,7QDKUS
Pankaj Singh,Bowler,2013,11250000.0,PNBE3U
Daniel Christian,All-Rounder,2013,7500000.0,8AWOJN
Christopher Barnwell,All-Rounder,2013,3750000.0,CAHZXA
Thisara Perera,All-Rounder,2013,50625000.0,DK1GPR
Darren Sammy,All-Rounder,2013,31875000.0,1AL7K6
Sudeep Tyagi,Bowler,2013,7500000.0,OH6YGQ
Clinton McKay,Bowler,2013,7500000.0,1A9N1P
Nathan McCullum,Bowler,2013,7500000.0,ZATBYX
Quinton De Kock,Wicket-Keeper,2013,1500000.0,F8WNFU
